dataset_id,field_role,field,level,n_cells,fraction,source_definition
pbmc3k,label,louvain,CD4 T cells,1144,0.4336618650492798,pbmc3k_proc.h5ad: exact fitted-cell obs[louvain]
pbmc3k,label,louvain,CD14+ Monocytes,480,0.1819560272934041,pbmc3k_proc.h5ad: exact fitted-cell obs[louvain]
pbmc3k,label,louvain,B cells,342,0.12964366944655042,pbmc3k_proc.h5ad: exact fitted-cell obs[louvain]
pbmc3k,label,louvain,CD8 T cells,316,0.1197877179681577,pbmc3k_proc.h5ad: exact fitted-cell obs[louvain]
pbmc3k,label,louvain,NK cells,154,0.058377558756633814,pbmc3k_proc.h5ad: exact fitted-cell obs[louvain]
pbmc3k,label,louvain,FCGR3A+ Monocytes,150,0.05686125852918878,pbmc3k_proc.h5ad: exact fitted-cell obs[louvain]
pbmc3k,label,louvain,Dendritic cells,37,0.014025777103866566,pbmc3k_proc.h5ad: exact fitted-cell obs[louvain]
pbmc3k,label,louvain,Megakaryocytes,15,0.005686125852918878,pbmc3k_proc.h5ad: exact fitted-cell obs[louvain]
paul15,label,paul15_clusters,14Mo,373,0.13663003663003662,paul15_proc.h5ad: exact fitted-cell obs[paul15_clusters]
paul15,label,paul15_clusters,2Ery,329,0.12051282051282051,paul15_proc.h5ad: exact fitted-cell obs[paul15_clusters]
paul15,label,paul15_clusters,13Baso,300,0.10989010989010989,paul15_proc.h5ad: exact fitted-cell obs[paul15_clusters]
paul15,label,paul15_clusters,3Ery,246,0.09010989010989011,paul15_proc.h5ad: exact fitted-cell obs[paul15_clusters]
paul15,label,paul15_clusters,15Mo,186,0.06813186813186813,paul15_proc.h5ad: exact fitted-cell obs[paul15_clusters]
paul15,label,paul15_clusters,5Ery,180,0.06593406593406594,paul15_proc.h5ad: exact fitted-cell obs[paul15_clusters]
paul15,label,paul15_clusters,6Ery,173,0.06336996336996337,paul15_proc.h5ad: exact fitted-cell obs[paul15_clusters]
paul15,label,paul15_clusters,7MEP,167,0.06117216117216117,paul15_proc.h5ad: exact fitted-cell obs[paul15_clusters]
paul15,label,paul15_clusters,16Neu,164,0.060073260073260075,paul15_proc.h5ad: exact fitted-cell obs[paul15_clusters]
paul15,label,paul15_clusters,10GMP,153,0.056043956043956046,paul15_proc.h5ad: exact fitted-cell obs[paul15_clusters]
paul15,label,paul15_clusters,4Ery,124,0.04542124542124542,paul15_proc.h5ad: exact fitted-cell obs[paul15_clusters]
paul15,label,paul15_clusters,12Baso,69,0.025274725274725275,paul15_proc.h5ad: exact fitted-cell obs[paul15_clusters]
paul15,label,paul15_clusters,8Mk,68,0.02490842490842491,paul15_proc.h5ad: exact fitted-cell obs[paul15_clusters]
paul15,label,paul15_clusters,9GMP,63,0.023076923076923078,paul15_proc.h5ad: exact fitted-cell obs[paul15_clusters]
paul15,label,paul15_clusters,1Ery,43,0.01575091575091575,paul15_proc.h5ad: exact fitted-cell obs[paul15_clusters]
paul15,label,paul15_clusters,19Lymph,31,0.011355311355311355,paul15_proc.h5ad: exact fitted-cell obs[paul15_clusters]
paul15,label,paul15_clusters,11DC,30,0.01098901098901099,paul15_proc.h5ad: exact fitted-cell obs[paul15_clusters]
paul15,label,paul15_clusters,17Neu,22,0.00805860805860806,paul15_proc.h5ad: exact fitted-cell obs[paul15_clusters]
paul15,label,paul15_clusters,18Eos,9,0.0032967032967032967,paul15_proc.h5ad: exact fitted-cell obs[paul15_clusters]
heart_cell_atlas_subsampled,label,cell_type,Ventricular_Cardiomyocyte,2219,0.277375,heart_cell_atlas_subsampled_proc.h5ad: exact fitted-cell obs[cell_type]
heart_cell_atlas_subsampled,label,cell_type,Endothelial,1717,0.214625,heart_cell_atlas_subsampled_proc.h5ad: exact fitted-cell obs[cell_type]
heart_cell_atlas_subsampled,label,cell_type,Pericytes,1336,0.167,heart_cell_atlas_subsampled_proc.h5ad: exact fitted-cell obs[cell_type]
heart_cell_atlas_subsampled,label,cell_type,Fibroblast,1019,0.127375,heart_cell_atlas_subsampled_proc.h5ad: exact fitted-cell obs[cell_type]
heart_cell_atlas_subsampled,label,cell_type,Atrial_Cardiomyocyte,471,0.058875,heart_cell_atlas_subsampled_proc.h5ad: exact fitted-cell obs[cell_type]
heart_cell_atlas_subsampled,label,cell_type,Myeloid,395,0.049375,heart_cell_atlas_subsampled_proc.h5ad: exact fitted-cell obs[cell_type]
heart_cell_atlas_subsampled,label,cell_type,Lymphoid,267,0.033375,heart_cell_atlas_subsampled_proc.h5ad: exact fitted-cell obs[cell_type]
heart_cell_atlas_subsampled,label,cell_type,Smooth_muscle_cells,261,0.032625,heart_cell_atlas_subsampled_proc.h5ad: exact fitted-cell obs[cell_type]
heart_cell_atlas_subsampled,label,cell_type,Neuronal,153,0.019125,heart_cell_atlas_subsampled_proc.h5ad: exact fitted-cell obs[cell_type]
heart_cell_atlas_subsampled,label,cell_type,Adipocytes,145,0.018125,heart_cell_atlas_subsampled_proc.h5ad: exact fitted-cell obs[cell_type]
heart_cell_atlas_subsampled,label,cell_type,Mesothelial,17,0.002125,heart_cell_atlas_subsampled_proc.h5ad: exact fitted-cell obs[cell_type]
heart_cell_atlas_subsampled,batch_or_donor,donor,D6,1281,0.160125,heart_cell_atlas_subsampled_proc.h5ad: exact fitted-cell obs[donor]
heart_cell_atlas_subsampled,batch_or_donor,donor,D11,781,0.097625,heart_cell_atlas_subsampled_proc.h5ad: exact fitted-cell obs[donor]
heart_cell_atlas_subsampled,batch_or_donor,donor,D2,733,0.091625,heart_cell_atlas_subsampled_proc.h5ad: exact fitted-cell obs[donor]
heart_cell_atlas_subsampled,batch_or_donor,donor,H5,651,0.081375,heart_cell_atlas_subsampled_proc.h5ad: exact fitted-cell obs[donor]
heart_cell_atlas_subsampled,batch_or_donor,donor,D7,588,0.0735,heart_cell_atlas_subsampled_proc.h5ad: exact fitted-cell obs[donor]
heart_cell_atlas_subsampled,batch_or_donor,donor,H7,563,0.070375,heart_cell_atlas_subsampled_proc.h5ad: exact fitted-cell obs[donor]
heart_cell_atlas_subsampled,batch_or_donor,donor,H3,508,0.0635,heart_cell_atlas_subsampled_proc.h5ad: exact fitted-cell obs[donor]
heart_cell_atlas_subsampled,batch_or_donor,donor,D5,490,0.06125,heart_cell_atlas_subsampled_proc.h5ad: exact fitted-cell obs[donor]
heart_cell_atlas_subsampled,batch_or_donor,donor,D4,489,0.061125,heart_cell_atlas_subsampled_proc.h5ad: exact fitted-cell obs[donor]
heart_cell_atlas_subsampled,batch_or_donor,donor,H4,446,0.05575,heart_cell_atlas_subsampled_proc.h5ad: exact fitted-cell obs[donor]
heart_cell_atlas_subsampled,batch_or_donor,donor,H6,444,0.0555,heart_cell_atlas_subsampled_proc.h5ad: exact fitted-cell obs[donor]
heart_cell_atlas_subsampled,batch_or_donor,donor,D3,422,0.05275,heart_cell_atlas_subsampled_proc.h5ad: exact fitted-cell obs[donor]
heart_cell_atlas_subsampled,batch_or_donor,donor,H2,361,0.045125,heart_cell_atlas_subsampled_proc.h5ad: exact fitted-cell obs[donor]
heart_cell_atlas_subsampled,batch_or_donor,donor,D1,243,0.030375,heart_cell_atlas_subsampled_proc.h5ad: exact fitted-cell obs[donor]
