method,navigation_group,observation_model,latent_parameterization,explicit_objective_terms,constructed_or_conditioning_structures,directly_constrained_object,not_established_by_objective,derivation_anchor
PCA,factor_and_probabilistic,least_squares,linear_orthogonal_factor,reconstruction,centered_transformed_expression,rank_d_least_squares_reconstruction_and_variance,nonlinear_neighbourhoods_labels_or_continuum,PCA
GLM-PCA,factor_and_probabilistic,exponential_family_count,linear_generalized_factor,likelihood,counts_and_size_factors,low_rank_natural_parameter_or_log_mean,neighbourhood_topology_or_nonlinear_continuity,GLM-PCA
pCMF,factor_and_probabilistic,poisson_count,nonnegative_probabilistic_factor,likelihood;zero_model_or_imputation;sparsity_regularization,counts_and_prior_distributions,nonnegative_count_intensity_and_posterior_factors,euclidean_neighbourhood_or_global_geometry,pCMF
ZIFA,factor_and_probabilistic,zero_inflated_gaussian,linear_probabilistic_factor,likelihood;latent_prior;zero_model_or_imputation,unobserved_pre_dropout_expression_and_observation_mask,Low-rank factor structure under the specified dropout process,"Graph geometry, labels and local fidelity",ZIFA
SSNMDI,factor_and_probabilistic,least_squares,nonnegative_factorization,reconstruction;zero_model_or_imputation;graph_regularization;sparsity_regularization,expression_sparse_repair_partial_labels_and_graph_laplacian,imputed_low_rank_factorization_with_graph_smoothness,independent_label_validation_or_unsupervised_neighbourhood_recovery,SSNMDI
scGBM,factor_and_probabilistic,poisson_count,bilinear_generalized_factor,likelihood,counts_cell_intercepts_and_gene_intercepts,low_rank_log_intensity_surface,local_graph_or_nonlinear_manifold_preservation,scGBM
tGPLVM,factor_and_probabilistic,student_t_likelihood,gaussian_process_latent_variable,likelihood,gaussian_process_kernel_and_latent_prior,smooth_nonlinear_covariance_under_kernel_and_heavy_tailed_noise,cell_type_or_neighbourhood_preservation,tGPLVM
scVI,deep_latent,negative_binomial_count,variational_encoder_neural_decoder,likelihood;latent_prior,observed_library_size_and_optional_covariates,Probabilistic count fit balanced against latent regularisation,"Pairwise geometry, labels, donor effects and trajectory topology",scVI
scvis,deep_latent,decoder_likelihood,neural_encoder_decoder,likelihood;latent_prior;pairwise_probability,high_dimensional_neighbour_probabilities,generative_fit_and_local_pair_probability_matching,global_distance_or_biological_identity,scvis
VASC,deep_latent,zero_inflated_variational,neural_encoder_decoder,likelihood;latent_prior;zero_model_or_imputation,observed_expression_and_stochastic_zero_gate,generative_reconstruction_under_zero_gate_and_latent_prior,rare_state_or_global_geometry_preservation,VASC
SAUCIE,deep_latent,least_squares_autoencoder,neural_encoder_decoder,reconstruction;clustering_regularization;batch_alignment;distribution_matching,batch_identifiers_and_task_specific_hidden_layer_codes,"Reconstruction, code compactness, intracluster distance or batch alignment",Independent batch removal and cell identity,SAUCIE
scScope,deep_latent,least_squares_autoencoder,recurrent_neural_encoder_decoder,reconstruction;zero_model_or_imputation,observed_zero_mask_and_learned_recurrent_imputation,Nonzero-entry fit and learned masked expression updates,Measured local geometry and biological validity,scScope
scGAE,deep_latent,feature_or_adjacency_reconstruction_then_clustering_refinement,graph_neural_encoder_decoder,reconstruction;graph_reconstruction;soft_assignment_clustering,expression_cell_graph_and_learned_cluster_centroids,feature_adjacency_fit_and_refined_cluster_assignments,validity_of_input_graph_centroids_or_independent_cell_identity,scGAE
SCDRHA,deep_latent,zero_inflated_negative_binomial,multistage_neural_and_graph_pipeline,likelihood;zero_model_or_imputation;graph_regularization,counts_denoised_PCA_space_and_constructed_cell_graph,count_likelihood_followed_by_graph_attention_reconstruction,which_stage_causes_the_final_geometry_or_biological_validity,SCDRHA
DREAM,deep_latent,mixture_generative_with_zero_component,neural_encoder_decoder,likelihood;latent_prior;zero_model_or_imputation;clustering_regularization,expression_zero_component_and_latent_mixture,multimodal_generative_latent_distribution,identity_of_mixture_components_as_cell_states,DREAM
DRA,deep_latent,zero_inflated_negative_binomial,adversarial_neural_encoder_decoder,likelihood;latent_prior;zero_model_or_imputation;distribution_matching,counts_latent_prior_and_discriminators,reconstruction_and_alignment_of_latent_and_observed_distributions,cell_level_relations_or_biological_separation,DRA
UMAP,graph_and_diffusion,not_explicit,directly_optimized_coordinates,pairwise_probability,fuzzy_k_nearest_neighbour_graph,fuzzy_membership_cross_entropy_between_input_and_embedding,global_distances_cluster_gaps_or_trajectory_direction,UMAP
PHATE,graph_and_diffusion,not_explicit,diffusion_then_metric_embedding,diffusion_distance;metric_stress,adaptive_affinity_graph_markov_operator_and_diffusion_time,diffusion_potential_distance_embedded_by_metric_stress,biological_direction_cell_identity_or_batch_independence,PHATE
SIMLR,graph_and_diffusion,not_explicit,learned_similarity;orthogonal_cluster_rank_variable;directly_optimized_coordinates,similarity_learning;graph_regularization;clustering_regularization,multiple_kernels_simplex_kernel_weights_and_specified_cluster_count,Rank-constrained cell similarity; downstream neighbour embedding,Continuum direction and absolute global distance,SIMLR
EDGE,graph_and_diffusion,not_explicit,ensemble_similarity;directly_optimized_coordinates,pairwise_probability,feature_subsamples_hash_partitions_and_ensemble_averaging,Ensemble-graph membership fit in display coordinates,Rare-state recovery and metric fidelity,EDGE
SPDR,graph_and_diffusion,not_explicit,directly_optimized_coordinates,relative_order;batch_alignment,within_batch_neighbours_cross_batch_mutual_neighbours_and_triplets,batch_aware_relative_order_of_sampled_cell_relations,biological_mixing_or_unsampled_relations,SPDR
t-SNE,relational,not_explicit,directly_optimized_coordinates,pairwise_probability,high_dimensional_pair_probabilities,kl_divergence_between_pair_probability_distributions,global_distances_cluster_sizes_or_trajectory_shape,t-SNE
TriMap,relational,not_explicit,directly_optimized_coordinates,relative_order,input_distances_and_weighted_triplets,relative_distance_order_for_sampled_triplets,absolute_distance_or_unsampled_relations,TriMap
PaCMAP,relational,not_explicit,directly_optimized_coordinates,pairwise_attraction_repulsion,near_mid_near_and_far_pair_sets,stage_weighted_attraction_and_repulsion_of_sampled_pairs,biological_identity_or_parameter_invariant_geometry,PaCMAP
IVIS,relational,not_explicit,parametric_neural_encoder,relative_order,input_neighbours_and_sampled_triplets,triplet_margin_order_in_parametric_embedding,global_geometry_or_unsampled_relations,IVIS
SQuaD-MDS,relational,not_explicit,directly_optimized_coordinates,relative_order;metric_stress,input_distances_and_sampled_quadruplets,relative_global_distance_stress_over_quadruplets,local_neighbourhood_or_biological_identity,SQuaD-MDS
