figure,panel,scientific_question,evidence_grade,source_data,analysis_code,plot_code,statistical_definition,sample_unit,missing_values,reviewer_risk
S15,a,Does local overlap exceed random and annotation-conditioned correspondence?,empirical conditional random-reference test,data/source_data/calibration/calibration_geometry.csv,analysis/scripts/calibrate_operational_thresholds.py,figures/plot_supplementary_figures_s15_s16.py,"One-sided Monte Carlo p=(1+extreme draws)/(B+1), BH adjustment separately for each null family. Central 95% null intervals are not confidence intervals. No inference of universal cutoff validity.","A complete method-by-dataset embedding or reference vector, not an independent cell or cell pair.",No imputation; finite-value validation.,Above-null overlap need not meet useful fidelity.
S15,b,Is trustworthiness beyond the correspondence null?,empirical conditional random-reference test,data/source_data/calibration/calibration_geometry.csv,analysis/scripts/calibrate_operational_thresholds.py,figures/plot_supplementary_figures_s15_s16.py,"One-sided Monte Carlo p=(1+extreme draws)/(B+1), BH adjustment separately for each null family. Central 95% null intervals are not confidence intervals. No inference of universal cutoff validity.","A complete method-by-dataset embedding or reference vector, not an independent cell or cell pair.",No imputation; finite-value validation.,Random trustworthiness has a nonzero baseline.
S15,c,Does global distance-rank agreement exceed matched null geometry?,empirical conditional random-reference test,data/source_data/calibration/calibration_geometry.csv,analysis/scripts/calibrate_operational_thresholds.py,figures/plot_supplementary_figures_s15_s16.py,"One-sided Monte Carlo p=(1+extreme draws)/(B+1), BH adjustment separately for each null family. Central 95% null intervals are not confidence intervals. No inference of universal cutoff validity.","A complete method-by-dataset embedding or reference vector, not an independent cell or cell pair.",No imputation; finite-value validation.,Sampled pairs are dependent; the permutation unit is the full cell assignment.
S15,d,Does neighbourhood annotation recovery exceed label-frequency and donor-composition expectations?,empirical conditional random-reference test,data/source_data/calibration/calibration_geometry.csv,analysis/scripts/calibrate_operational_thresholds.py,figures/plot_supplementary_figures_s15_s16.py,"One-sided Monte Carlo p=(1+extreme draws)/(B+1), BH adjustment separately for each null family. Central 95% null intervals are not confidence intervals. No inference of universal cutoff validity.","A complete method-by-dataset embedding or reference vector, not an independent cell or cell pair.",No imputation; finite-value validation.,Annotations are not independent biological validation.
S15,e,Does Paul15 distance-to-pseudotime agreement persist across root and lineage-conditioned references?,empirical conditional random-reference test,data/source_data/calibration/calibration_continuum.csv,analysis/scripts/calibrate_operational_thresholds.py,figures/plot_supplementary_figures_s15_s16.py,"One-sided Monte Carlo p=(1+extreme draws)/(B+1), BH adjustment separately for each null family. Central 95% null intervals are not confidence intervals. No inference of universal cutoff validity.","A complete method-by-dataset embedding or reference vector, not an independent cell or cell pair.",No imputation; finite-value validation.,Expression-derived DPT is not a ground-truth temporal ordering.
S15,f,Does local pseudotime smoothness exceed the lineage-conditioned reference?,empirical conditional random-reference test,data/source_data/calibration/calibration_continuum.csv,analysis/scripts/calibrate_operational_thresholds.py,figures/plot_supplementary_figures_s15_s16.py,"One-sided Monte Carlo p=(1+extreme draws)/(B+1), BH adjustment separately for each null family. Central 95% null intervals are not confidence intervals. No inference of universal cutoff validity.","A complete method-by-dataset embedding or reference vector, not an independent cell or cell pair.",No imputation; finite-value validation.,A smooth map alone is not proof of developmental continuity.
S15,g,Is observed donor mixing below the attainable cell-type-conditioned random reference?,empirical conditional random-reference test,data/source_data/calibration/calibration_donor.csv,analysis/scripts/calibrate_operational_thresholds.py,figures/plot_supplementary_figures_s15_s16.py,"One-sided Monte Carlo p=(1+extreme draws)/(B+1), BH adjustment separately for each null family. Central 95% null intervals are not confidence intervals. No inference of universal cutoff validity.","A complete method-by-dataset embedding or reference vector, not an independent cell or cell pair.",No imputation; finite-value validation.,Failure to detect a deficit does not establish equivalence.
S16,a,How does scVI compare with the eight anchors for PBMC geometry?,empirical computational sensitivity,data/source_data/calibration/scvi_geometry_full.csv,analysis/scripts/calibrate_operational_thresholds.py,figures/plot_supplementary_figures_s15_s16.py,"Observed values, medians and computational ranges; no biological-replicate inference.","A complete method-by-dataset embedding or reference vector, not an independent cell or cell pair.",No imputation; finite-value validation.,Descriptive fixed-dataset comparison.
S16,b,How does scVI compare for Paul15 geometry?,empirical computational sensitivity,data/source_data/calibration/scvi_geometry_full.csv,analysis/scripts/calibrate_operational_thresholds.py,figures/plot_supplementary_figures_s15_s16.py,"Observed values, medians and computational ranges; no biological-replicate inference.","A complete method-by-dataset embedding or reference vector, not an independent cell or cell pair.",No imputation; finite-value validation.,No substitution for trajectory validation.
S16,c,How does scVI compare for heart geometry?,empirical computational sensitivity,data/source_data/calibration/scvi_geometry_full.csv,analysis/scripts/calibrate_operational_thresholds.py,figures/plot_supplementary_figures_s15_s16.py,"Observed values, medians and computational ranges; no biological-replicate inference.","A complete method-by-dataset embedding or reference vector, not an independent cell or cell pair.",No imputation; finite-value validation.,Unsupervised model without donor correction.
S16,d,Which scVI geometric properties change between two and ten latent dimensions?,empirical computational sensitivity,data/source_data/calibration/scvi_geometry_full.csv,analysis/scripts/calibrate_operational_thresholds.py,figures/plot_supplementary_figures_s15_s16.py,"Observed values, medians and computational ranges; no biological-replicate inference.","A complete method-by-dataset embedding or reference vector, not an independent cell or cell pair.",No imputation; finite-value validation.,"Five seeds are computational repeats, not biological replicates."
S16,e,Does scVI local overlap depend on reference PCA dimensionality?,empirical computational sensitivity,data/source_data/calibration/scvi_reference_sensitivity.csv,analysis/scripts/calibrate_operational_thresholds.py,figures/plot_supplementary_figures_s15_s16.py,"Observed values, medians and computational ranges; no biological-replicate inference.","A complete method-by-dataset embedding or reference vector, not an independent cell or cell pair.",No imputation; finite-value validation.,Reference dependence is not model superiority.
S16,f,Are local neighbourhoods and global distance ranks equally reproducible across scVI seeds?,empirical computational sensitivity,data/source_data/calibration/scvi_seed_stability.csv,analysis/scripts/calibrate_operational_thresholds.py,figures/plot_supplementary_figures_s15_s16.py,"Observed values, medians and computational ranges; no biological-replicate inference.","A complete method-by-dataset embedding or reference vector, not an independent cell or cell pair.",No imputation; finite-value validation.,Ten pairs share five seeds and are not independent replicates.
