"path","bytes","sha256"
".gitattributes","13","f80dcc94402f38c7b9be9d27d83a5f3010189ba041cdc5f27094480b4f909d0d"
".gitignore","236","8fccaf14f850381c09ac40805273a193fed7a9a121155f9ee796eb18beb7a623"
"LICENSE","1126","a0b55aafca87705e062f6882cb4a6e9df14de062d15d312ebe83d36df1e9eddc"
"README.md","4354","2102a93c02d813ea3942cbe679bf985aabe76ed97d633f84358a5afdf8ae0f31"
"TUTORIAL.md","3358","645406c02e10625207e6fb6bf1b44036f7ff28b8f5c46690a56921dfc5c9e195"
"analysis/ARCHIVE_SHA256SUMS.txt","135215","d3f6e05ea409d41b06c3747456eaa12bdef05e2c168b2e21e2330ae0f6886254"
"analysis/README.md","4271","c295479bc2b6d123a7fd196d67e1eaebccf8cee23800d1bca25125890a98a4a6"
"analysis/__init__.py","66","5171d93ceaf3b94ebe8e804e3dfc9af11334fec2232c72f81b4f2d03266b7a8a"
"analysis/calibration_design.json","4926","2c84a804c81ed6d9921f0030a7723d92b573a4b58f5ae972e4257b352502537c"
"analysis/config.py","1073","77f3dd600e9da78407d689eaad376261640d6b49d4c44fa876ae0c07a1eab56b"
"analysis/config/analysis_design.yaml","3757","b1d5253942cda096479bb153325f199f12e2c4a13a4ad564473b0b51b63dd8e6"
"analysis/config/claim_specific_workflow.csv","1748","ef194ce0a030c80e5971582401178a32e3fd5e1b795c600ec7b4c8f05f61388a"
"analysis/config/evaluated_implementation_records.csv","3446","b8e7d885186a772c3c8b7bc5a837f8b11122d2a5a4ba7f0fa7888459c6256790"
"analysis/config/threshold_provenance.csv","4012","0b679f6cf5c517ed0cb7dd398a286f45df5833dd914faa4f31374dc07a8aebfc"
"analysis/data/README.md","731","1bcc8a8ee7c1d0606d6fc1620bf45b0d730a87cedf89e1f7f318ef3c98c6c8b1"
"analysis/data_loader.py","2082","b1cd6979ccde7d6e101f0c87f89112dc1947059c24d2245c1919e578a0c26396"
"analysis/diagnostics.py","2495","0db9ded09d44eb6d278445d81abc69b7ab09b20625a9f58f4b457a431816b890"
"analysis/download_inputs.py","2555","a8ac6271749ee3d452c23f7c3c9f28e934d5a251fe9e402a7b73d4ece5404b63"
"analysis/environment/analysis-environment.yml","453","438a8c2d486f9ef9dab79aa60ba5760501a21e01dbc33a81a811d382794cabef"
"analysis/environment/legacy-python37-conda-lock.json","19727","90a89d619faa5e3805e9d9a6a7b2c8a6ffdb7d2fd099ae786dbbdb407bf6edcf"
"analysis/environment/legacy-python37-environment.yml","261","8a55274fb884a45eff2337f8be2da619b0c9399d6b7d9b5430bb637392ff297a"
"analysis/environment/legacy-python37-packages.txt","2983","ffa45cd5f475e3c3eab8a5b0d25140d4cae292b66d9e28f470c202406212ac05"
"analysis/environment/python-full-freeze.txt","3167","f0853b85168dc08f7d5679ed6379eb38fd9a1a6e2984185614d501604e6d9d85"
"analysis/environment/requirements-analysis.txt","257","bcf2e591babe6907a570fa6c996d3cfd0b7ce97aa61824256770e197e589670d"
"analysis/export_figure4_source_data.py","4047","5d7749863b3f336b8e334c995e88c5ea0405035440d8190228569b8a09ae706b"
"analysis/legacy_deep_runner.py","6413","09e8fd211176a4b8be133449c2bf676f3c0157dd1521c7a8b31d757f19f05024"
"analysis/logs/.gitkeep","2","7eb70257593da06f682a3ddda54a9d260d4fc514f645237f5ca74b08f8da61a6"
"analysis/paths.py","1531","101d5f6882a234d934f735283ab77deaf32a4c0b5056575f7706b4c97c42c437"
"analysis/record_environment.py","1266","9e5d0a3e483f25388df63702a01469249a843f08881e548dfb05d0cff62965bb"
"analysis/results/.gitkeep","2","7eb70257593da06f682a3ddda54a9d260d4fc514f645237f5ca74b08f8da61a6"
"analysis/scripts/__init__.py","70","5fc69f300fe116a81878131625a0426e42df1b78e9afc57fbc6f1e9d89af0a7b"
"analysis/scripts/audit_inputs.py","6253","be06450f5d6a647eb9b573a297284a3569e5235494fdfddef6dbbf69dd3c860b"
"analysis/scripts/audit_results.py","8779","f406a5bf8bd1dcdaf998dba531effc184a45c79586d4ebe0d96e5f99b3b532b2"
"analysis/scripts/audit_scvi.py","4538","4406d236e950808b230031aca2adaebf12df12fa01165067df4a500700a980a8"
"analysis/scripts/calibrate_operational_thresholds.py","19223","3b2bb791f9c0a3fa2409cfbc8897a8750b485c59f72749510edc4fb02ac378cb"
"analysis/scripts/compute_clustering.py","14283","a948f1ebc7a614a5bab1ee193aa89c97747b895086487bbe045e0f7c4e086d59"
"analysis/scripts/compute_diagnostics.py","15322","bce5c6fd7ef4e49d1d65b672c30a6ab14d224d1dcb3c65bed24bbafb6918f13c"
"analysis/scripts/compute_dimension_sensitivity.py","8667","f27058b7f1e857b0e3cea219e3cbd5deafdcc33fd30fe4faf1fd7cef59262463"
"analysis/scripts/compute_donor_predictability.py","9837","2cfa647511fe524b826be0f41badf431a51c5013c0dfc831446c68998f9cbf2d"
"analysis/scripts/compute_marker_concordance.py","9603","39b7e31ada1912f539cff12fbfc56465aa01b29ef30c3758099d1b7b37f039ec"
"analysis/scripts/compute_trajectory.py","12840","ded31636f4ae4f231824bfeed32fd1080fc4f0725b0a389876be2d9f984e2228"
"analysis/scripts/fit_scvi.py","9175","fd8ae3bbabe10e9c29db89ef0ac430861962179f6e3547fd55bd8cf5d56f9e36"
"analysis/scripts/generate_anchor_embeddings.py","22164","fab36a8951c7e0c075c111af5db0f29a137d7a35b7b5d87147c5eadac1fef22a"
"analysis/scripts/generate_known_truth_stress_tests.py","26237","aebb7b60829e21e1d0d0199f334d2aa352cfd30511cde2481ba21abbbf0e4cc5"
"analysis/scripts/generate_robustness_embeddings.py","23011","122b041d5437e2174a410450da77c9f560e8ae0e59227f2c4022d377645967c8"
"analysis/scripts/prepare_analysis_objects.py","11042","bc6fb38aee8d51eb49f79e65c6bd11c703b3f5d085832e8aa1baa10a93579df3"
"analysis/scripts/summarise_results.py","17086","decb25f384f3d45aa7f5df218b21604ce4640a345ddecb975b77d6bdb0c6644b"
"analysis/setup_legacy_tools.py","1082","f2cb32ab41da032af6aa1ab37b366d928401a4b0e592dc2317ab486278069baa"
"analysis/tests/test_calibration.py","1706","b1581b44fde848e5bf9c6e5c58e2ae34c7211be5d60403cd1b694ece035a9886"
"analysis/verify_calibration.py","1490","a8cd6417df8e36ec568eec65051d991c6b93f655bf6d12434b2da819c7348364"
"analysis/verify_reproducibility.py","3618","0ee2d98bf3f207a5377614776840763384c06255576b95c03c296016566ba051"
"analysis/workflow/__init__.py","30","68e69f6776988a503c28735b9fde653136ec804e242eab0e3f630c8efa72d754"
"analysis/workflow/run_analysis.py","3297","964790f6662dd98eb38066417e8857d895567b8511e8400d740f0802e8fcbf73"
"data/source_data/calibration/analysis_design.json","5556","2dd2a99d7153a1ad75e7de9b5fbc07d66eae6fb477f3e60ba000721808818e1f"
"data/source_data/calibration/calibration_continuum.csv","42551","59247a38bcba26d762cbede65def20e0c51d041b2dd6d7daadbbd740845f10a6"
"data/source_data/calibration/calibration_donor.csv","2769","0d6889b7161ef98758e7a32b344a2061359e286d9551d2cbf426a1e9f714f8b4"
"data/source_data/calibration/calibration_evaluation_cells.csv","149528","6537686730d8d3f5d7fc4c62bd48938e76048bfef277433e9c8e3dec1adbccec"
"data/source_data/calibration/calibration_geometry.csv","53533","028feb78fa712288759ff332d61c4c20f9ac9a473e47f2c26a83f092ee525727"
"data/source_data/calibration/metadata.json","17868","1ca1707c829d631daa7a7f38fb9a442483a7f3138c37e1139bab9ba5fa944098"
"data/source_data/calibration/permutation_draw_index.csv","30182","bb9f10bd606588792c0adcd3bc4e604aebc9871f11e34315a90e8115de428a1c"
"data/source_data/calibration/permutation_draws.npz","2161201","84593bbf37067ba1c2c91241e2420313ba948e89a29fa37ce4f7ef25b0631fbf"
"data/source_data/calibration/scvi_geometry_full.csv","15926","472be815830057718fd3dc1ff19925d461c3f7eda2ed1072dd48cc14d1abc771"
"data/source_data/calibration/scvi_reference_sensitivity.csv","8810","68cdc00a937eedabf09e4bdaffc6825ce763af996ee20777ecdb97db156604b0"
"data/source_data/calibration/scvi_seed_stability.csv","8498","730a1fe8b31d8bca81d1d7a336041215206425086fb0d9aebd99729488773f1e"
"data/source_data/fig3_cross_context_support_matrix.csv","20497","07723cf78ba5c88b0f50039664ebc3699a45bead29efe7a13d32470869cd3a59"
"data/source_data/fig3_family_local_label_metrics.csv","15556","6a2f1a90c01ccdb52ca8b8ce97f9dc6763e6b6c7a364ce2e264d3819487cc960"
"data/source_data/fig3_heart_embedding_coordinates.csv","9891308","c0215c32f5c334410b52adcbce6f87eb83f2d62d7e4734e761fd5ea8dde7302c"
"data/source_data/fig3_local_global_tradeoff_by_context.csv","2565","1a6f837c943ef6ab7bf9299361e40eaac18d9954f913cf0611ed37e6feaa4c50"
"data/source_data/fig3_method_metric_wide.csv","2556","0f803c0fb361cd854455472498bfaaeee8d2b239f57718b2cd0bc0049d5ae277"
"data/source_data/fig3_paul15_embedding_coordinates.csv","2081448","d682810c1940dd43ad0cd7d24a4ab7df8e3c210b3709198888b5316d57486493"
"data/source_data/fig3_pbmc3k_embedding_coordinates.csv","2368735","5f781b8065ec2dce1a8e6f1ab6a51c509cdaa4af5b9eb6fc0713f3cb24eb5627"
"data/source_data/fig4_gate_pass_by_dataset.csv","521","9e4870a120b7aeb66bba777a2bd4bbfafc1114b0a3802c725eeb8cf92e8cf39d"
"data/source_data/fig4_gate_pass_by_method.csv","1799","fd36f719934c8a11482ff4f4724e43c8c0496ca7ec99a0a452136e5ddcc5441a"
"data/source_data/fig4_gate_pass_matrix.csv","16527","c7797e0ba95839f3dd2a78a1fee9343c54bb81518b8aeb41f2eaef34b541ba93"
"data/source_data/fig4_global_gate_metrics.csv","8994","5dd5b1aa91c4a29a07f1b128b950d47b34f314217bccc16de5050ee422e41018"
"data/source_data/fig4_heart_donor_gate_metrics.csv","8382","d073e971a79866450643b4045e5e14bc69fca528ad9cebb6ab51b2bc2c575a66"
"data/source_data/fig4_local_gate_metrics.csv","24932","020360a58e3bd5fefa09f3fa41ff6e70abed00fd8b255436c0ca1b0f20ef824d"
"data/source_data/fig4_local_metric_tradeoff.csv","2086","de210e4a46650030138474aaf41a7b4f14e3b53bd7b07e141d09aa4fd98c4975"
"data/source_data/fig4_paul15_continuum_metrics.csv","8164","283497afb15b6cefd5c55db5288b653df1a741f8f1e1c29c035b1d95f66e60bd"
"data/source_data/fig5_evidence_support_summary.csv","769","edfe77abc44d5e008c52ec7687da33e248e6f5c81dcbe29dbd644a9c55442afb"
"data/source_data/fig5_heart_identity_donor_support.csv","4427","d10c130e4ab1c32e0d3eff52583a0ed26893795ade526c3e051dd0aa30dac5b1"
"data/source_data/fig5_heart_marker_program_table.csv","23864","c9cc4d8a71b640e46ed11b58e71aae6e682b8804fae018b1c118f5622f34d735"
"data/source_data/fig5_independent_evidence_audit.csv","769","edfe77abc44d5e008c52ec7687da33e248e6f5c81dcbe29dbd644a9c55442afb"
"data/source_data/fig5_marker_vs_neighbour_support.csv","17791","2b57728f5ad425c668bc1a4e47eb2e9efcdd9409b10805cba15415456ff629e9"
"data/source_data/fig5_paul15_lineage_marker_support.csv","1158","339e8c2fda2b5f80b471908334fab64ae7268f7006dca8c02f80e47b8c26f01e"
"data/source_data/fig5_pbmc_marker_program_table.csv","10786","8ccf18541f7e8f6d1b4bbdd5f31ef2e394078784f3cc975424fd1ccddffe9ab0"
"data/source_data/fig5_pbmc_marker_support.csv","17461","c541b6f0f4060e4115f84cad30e4ba7dd53886e16609193320ab0082196ac5c3"
"data/source_data/fig5_rare_state_support.csv","12740","6afb52defa24ea5f692aea51be7d7374121b3203322c518dcf78b45475503a93"
"data/source_data/fig6_dimension_failure_by_dataset_metric.csv","523","18d80511cc78c399273731df0d5963ec029f67790ff7c4183e53db7b8ea93bf3"
"data/source_data/fig6_dimension_failure_by_method_metric.csv","678","9c5dc8606c4171e44ac42ed07b3d63ef5bd3f7363fbd63545f6f7d910fa3dae8"
"data/source_data/fig6_dimension_sensitivity_slopes.csv","4379","bfa8886f63343fb8f379fedf2e5ad15947f7e2ccd31595fd92ff9583e2b9cd59"
"data/source_data/fig6_dropout_noise_response.csv","55569","96323953c7d7c8186c628f94339ea04a41d6d2fc4274d057bd9dee1aef8e0d08"
"data/source_data/fig6_mechanism_simulation_suite.csv","455805","d6b714b4ff65fad5d9860d59070927b0eb49026ec48606c01ca0cf03f53b1559"
"data/source_data/fig6_output_dimension_response.csv","48474","7724db81eccaf0307035cb0fef68879e7b941a2d0faba83b6da8dc992b2fde2a"
"data/source_data/fig6_perturbation_failure_by_metric.csv","323","f62c24b9af000d897d14a59bb0cb41bc8009d98636d4a147e1a441cfab03019b"
"data/source_data/fig6_perturbation_failure_summary.csv","2159","818e6fe9dcf433f2102c9dce7e2eb37326851d1b6afd7d18d7ccce62ea66a6cf"
"data/source_data/fig6_upstream_failure_by_method_metric.csv","711","908e391ebf03e2c3cd7f20b0815100f67b0f7644ee871bc08e67311627f83e8b"
"data/source_data/fig6_upstream_pca_response.csv","29007","52c05b594ed175c5b96ca9d164bc8a7715802f66ca9d6daa8be6a1ea55fda66a"
"data/source_data/fig6_worst_case_support.csv","4193","3f3005084d0055ddc63f9b8b3e6b823d70df3f666b582990cbf5ac62fcdd83bd"
"data/source_data/fig7_component_failure_by_metric.csv","327","a128c7f8678dbb005d2d9756f8e6dd0a5dfcf19e28fa365e3ecad942ee44e139"
"data/source_data/fig7_dimension_failure_by_method_metric.csv","678","9c5dc8606c4171e44ac42ed07b3d63ef5bd3f7363fbd63545f6f7d910fa3dae8"
"data/source_data/fig7_gate_failure_by_dataset.csv","523","bdbe19fd07c108770fa64da04272e3531d126f6865ef336cf2dd2f1dce81e4d6"
"data/source_data/fig7_gate_failure_by_gate.csv","217","39bc63ca07dcd3b7ebd1045dc76e68799ac60402bf918f9ff2dfb253008afb1e"
"data/source_data/fig7_gate_failure_by_method.csv","1489","1defa38ac3ca4cb550845de95d07dfe413571bf9aac88ffe6fd45b49aeb4bee1"
"data/source_data/fig7_perturbation_failure_by_method.csv","258","15102e7c1f5dbc1021cc095efba7a38fd71d125197cd3fb3ca9c45049aea8e3d"
"data/source_data/fig7_simulation_failure_by_method_claim_axis.csv","1428","33e0e0567389e9c639ed592f717c121d9124ad249d624039c493b194ac5eef40"
"data/source_data/figure4_downstream/Figure4_panel_a.csv","3759","44a1c2bf751576d243e9bb391e5f031495f782d2d03d313cd3ad1f27df293e76"
"data/source_data/figure4_downstream/Figure4_panel_b.csv","3760","899fe5fb03e0f9926f1de01e7ed7ec9803a3d1548784a57d588824aa249e6909"
"data/source_data/figure4_downstream/Figure4_panel_c.csv","29785","5aed7568dacad20fd00e7428cd094ec8886b76124d5207232ef7db7144c15d77"
"data/source_data/figure4_downstream/Figure4_panel_d.csv","873","6bc41caaaca959101d90c457776de42b666902c60eb155a7b00bb537d9f67105"
"data/source_data/figure4_downstream/Figure4_panel_e.csv","1635","7479650c37420470e4ff6577f55a36b0341879107c43c067ff6422acac36fd18"
"data/source_data/figure4_downstream/Figure4_panel_f.csv","1996","1240000bead68a41328b52be5eb39fd190032f0d7753bfe750d8ea9730b1dc66"
"data/source_data/generated/Fig2_integrated_method_support.csv","1036","35757501b8bbe26254b7e739ece1960c5e51576e02359df3e43f26299d854216"
"data/source_data/generated/Fig2a_empirical_threshold_margins.csv","25811","e00e186e441bccc8c3f4bed286247728e91f62f681baaa803fb7bdc1de1a93df"
"data/source_data/generated/Fig2b_empirical_profile_pca_loadings.csv","1989","5af75e77956b36a7a30a6d313c11765aa941f16a28b04144e42c5e0e8c8b3de0"
"data/source_data/generated/Fig2b_empirical_profile_pca_scores.csv","645","d7317dc84b32a8c7131b4f78d8c2565b30373d9b28c6947a355cd1702a6eccb6"
"data/source_data/generated/Fig2b_evidence_layer_disagreement.csv","1145","9235861ffd9b9d411d2226bc2792a5b7c67b46ff9a58c6373a2f942c5c21a8fb"
"data/source_data/generated/Fig2c_context_rank_concordance.csv","1606","391d654c97b97c9b300758f47c5504a285e1f7c2bd0c322885a5939a440929cd"
"data/source_data/generated/Fig2c_method_claim_gate_support.csv","5071","1b0f89f09cab5f86fe730285499e026dd3d68f064a9d0d18250822aad53489da"
"data/source_data/generated/Fig2d_context_gate_support.csv","1282","26cab7f90bbabae070e2070e273f447845ae1a632f21203624a47478be4b3f18"
"data/source_data/generated/Fig2d_empirical_variance_partition.csv","1840","6f76288cbaacaa2f9f19ef8373c29b8b462631f8fa6e97c36bc743d13f0cd74f"
"data/source_data/generated/Fig2e_mantel_summary.csv","1850","773c8c57f7b28650e6e2c270ebaa119721436701e08ac182aeb9a17b0ee9ef23"
"data/source_data/generated/Fig2e_objective_signature_matrix.csv","13713","cc27c3a3ad6e0bc5db4fef93ce36511ceb4d30bd268016776364fdea24f1288a"
"data/source_data/generated/Fig2e_profile_distance_concordance.csv","2107","3acb0be51025ea4073a4b4cc761c4adeb69171b3ce69499544972dc022508258"
"data/source_data/generated/Fig2f_simulation_boundary_margins.csv","71160","8e6b83dba0f591b86681bbf9dcdb52f02f7a8dbd445af6da2afd1879cf0655fb"
"data/source_data/generated/Fig2f_simulation_scenario_dispersion.csv","671","272c52bd15bb5d5487e756aa0eab4972f5f7258fd0dfda1b3b5054f1cde45ca1"
"data/source_data/generated/Fig2g_cross_layer_concordance.csv","1138","30fd01c111e76ef5ea97fa4ea9058aabcc1759b18a9da5580377353ee3ac5afe"
"data/source_data/generated/Fig2g_geometry_identity_decoupling.csv","51920","f805c82a56059b8ac06020aaf93e0d4b7cbe44593724fcf8682188a5c56d0181"
"data/source_data/generated/Fig2h_method_simulation_support.csv","4152","3d70a9f1df1a6c6d999b8b90e04c82ba020445797b1bd942fc2b4f9468fec6a6"
"data/source_data/generated/Fig2i_perturbation_failure.csv","1027","a372dd1ce066bad682aec648210855b7389167f412b6a14e7a98b0f0e94ca555"
"data/source_data/generated/Fig2j_method_evidence_bottleneck.csv","1418","3c6a9b6adc6de0aaa2b980575d2b7ae39f5190485452f779f6e9758b53b5cf72"
"data/source_data/generated/Fig3d_context_metric_means.csv","360","f82ea7321d38c27f85556e65ef0b529704fdc56081f022b9c4ab97dc0213861a"
"data/source_data/generated/Fig3f_context_profile_deviation.csv","2990","273430c5accd4bbbf42435cdc0808aa9f4ce55ab608cbae3e2a063f81d72baa5"
"data/source_data/generated/Fig3g_between_method_metric_range.csv","362","94318af5e5e8e437a0168c8db1606cccb121fa41c670a11fa43fb4bfd73c392d"
"data/source_data/generated/Fig3h_context_rank_concordance.csv","187","170cad676eaee832ab6f926e0a91aef47fdc2db369424a12215e8be59b014d09"
"data/source_data/generated/Fig3i_method_context_metric_range.csv","763","c7e768c5561d66bfb128f3611cf4ef1164ee4c23055dd062d09a0a3dc982b9f6"
"data/source_data/generated/Fig3j_local_global_tradeoff.csv","2375","f49ee5fe6091384d8387df794e0befb00d9d22ff78c10317d4bd31a4341ee354"
"data/source_data/generated/Fig4e_gate_limiting_margins.csv","8945","a67a986994134cf81418ff85b9aa14888d5aafc80e1ce20ab70c3e0ee9ca6a48"
"data/source_data/generated/Fig4e_method_context_gate_breadth.csv","937","82355490bb8e72491168e983efc855bf84d71217778bcc237b9a43d834f444d1"
"data/source_data/generated/Fig4g_local_gate_component_plane.csv","1725","e83785e5de86ef987a3c54d4f465269e5ceaa0bf613dd72e29636cd352dbdfde"
"data/source_data/generated/Fig4i_method_component_threshold_margins.csv","5885","c7a4e385912b8651f46f3127b2e610862d1335436c5e61c5de8bca84548fc6ea"
"data/source_data/generated/Fig4j_method_context_gate_outcomes.csv","20620","a44abb5af50268561204b96ea01b8a6b7b2b18cee5e07886b532b8946df860b2"
"data/source_data/generated/Fig4j_method_gate_inconsistency.csv","278","8192aa82f4bdde2df872449fcacd2c82e1d5ef0ba2e9b593939fddc3fd583e4c"
"data/source_data/generated/Fig5d_evidence_unit_margins.csv","18758","57c7cb59b0b4706d63d1752fe69e330fa4ed5af4bed407ac135fd5a4572019a0"
"data/source_data/generated/Fig5h_method_label_dual_support.csv","18070","34f94b6658a07b55eb4a246384e77f809d1abfa94172814715e82a397f99d6b4"
"data/source_data/generated/Fig5i_method_context_rare_support.csv","662","aa0b5a7bff304877dc5945b97e3cf60951dd0cacfecfe48976783b70c611d7a0"
"data/source_data/generated/Fig5j_heart_marker_neighbour_concordance.csv","9518","cf72f647bd999455f9681efa799db0b50cd51398263303a70cd42f1ea5bab3c5"
"data/source_data/generated/Fig6e_dimension_failure_by_method_metric.csv","662","c5e07ef66844c1d3092a00c443577e7f97f076108675c356c1a824bd34dacb0b"
"data/source_data/generated/Fig6g_upstream_failure_by_method_metric.csv","711","f2c7c67474a4eb4e01723b6cea78f15745f3e2c0a32dbe14aa6143a2ba9343ca"
"data/source_data/generated/Fig6h_dimension_failure_by_dataset_metric.csv","522","afb83bb1e0dad4bfc0d529f30d277b1a6fdef3a14a5360343aa6913a56bbd8a8"
"data/source_data/generated/Fig6j_perturbation_condition_margins.csv","6322","a914f52d7af5f53645ff21d3fa06a7854d6dd316f8ee3a13c5b64c8cbd7ee688"
"data/source_data/generated/Fig6j_perturbation_failure_by_metric.csv","323","f62c24b9af000d897d14a59bb0cb41bc8009d98636d4a147e1a441cfab03019b"
"data/source_data/generated/Fig7a_gate_failure_by_gate.csv","205","c817337e1c5ebc5a32889fcc8d842abc25e1a52693c924fa1f46a57d96d4eb02"
"data/source_data/generated/Fig7b_gate_failure_by_method.csv","1504","a6db6b75b863c8675be29b71ec109a0e436136dddc8ab3c147c440f55b49c065"
"data/source_data/generated/Fig7b_gate_resolved_boundary_changes.csv","970","cfb125b1ab54eba846bd1f9aa1b5ba85fa4070b909f1801f0a156da794224fdd"
"data/source_data/generated/Fig7c_gate_failure_by_dataset.csv","523","6cb55d8b152e32152cf1ad54b9c103f1bd46355f4cfa199fc2007b760bc75c1c"
"data/source_data/generated/Fig7d_gate_failure_by_method_dataset.csv","832","32ccd4d8b3bd0a94348a0828ca1c12cd3e48ff36c9d434c41e1dc5d0e03457e9"
"data/source_data/generated/Fig7e_component_failure_by_metric.csv","309","38811855f0f1dc2459ede71799722cdfd59d60d2c26d891c2d5a128d5e785ad3"
"data/source_data/generated/Fig7f_component_margin_by_method_metric.csv","3273","bdebbbae11909f323d7e6078f596494a5bd76c513962d583865cd7352ffe05da"
"data/source_data/generated/Fig7g_worst_failure_by_method_metric.csv","4310","b5ca6f663d91463fd1f1bbf66cc679e220b9552f33900c8a4df54ceb6efada44"
"data/source_data/generated/Fig7h_dimension_failure_by_method_metric.csv","662","c5e07ef66844c1d3092a00c443577e7f97f076108675c356c1a824bd34dacb0b"
"data/source_data/generated/Fig7i_perturbation_failure_by_method.csv","258","15102e7c1f5dbc1021cc095efba7a38fd71d125197cd3fb3ca9c45049aea8e3d"
"data/source_data/generated/Fig7j_simulation_failure_by_method_claim_axis.csv","1474","95730a7bde55493906657afcd73e9babfcfcc17237d63636849b8fc28ec7011d"
"data/source_data/generated/SuppS10_boundary_count_sensitivity.csv","755","907bb0bf81e0d45a0b40808517721d207cc921e8d07dd39e5b872a2f3a7c80d8"
"data/source_data/generated/SuppS10_local_permutation_null.csv","134441","6764ab92764a80107c6d1076ff5876131029d4b247cba459b84eca56b4f9207d"
"data/source_data/generated/SuppS10_local_reference_sensitivity.csv","85867","d0ba5187b1cdca2abff9a633c63f87d92f8a941fb656e4a847fd141caf4f07bb"
"data/source_data/generated/SuppS10_reference_rank_stability.csv","1146","9ccbe0798082fa0c7cef8ed7790a03745018e332d506bb01025f64e7ff303d02"
"data/source_data/generated/SuppS11_dpt_root_concordance.csv","777","6304ccc9b3f4500d77682a3a8d3017b57cadfc2a92417230f3f90af3dad3e2c3"
"data/source_data/generated/SuppS11_dpt_root_definitions.csv","256","91b12b3e2393c42effa9043a219c0da7fb94fbdb098062dc72eaf62f85866cf3"
"data/source_data/generated/SuppS11_lineage_restricted_metrics.csv","2987","3690d6b6bc7370c43b41c21d346baca2b413931ca845c8825fb245c5b8d9f3f1"
"data/source_data/generated/SuppS11_root_method_rank_stability.csv","309","edc5af8e925000291b04ffd913659e98c3a989a561be3aa283a1886ef0a0762e"
"data/source_data/generated/SuppS11_root_sensitive_continuum_metrics.csv","5935","70bfe82a14dea82bf2a0b596e40accf2bea0f470add3167bb2975f0b94a712cd"
"data/source_data/generated/SuppS11_same_branch_neighbour_fraction.csv","855","564e1b65f0b0d40be4c9ebaef98f79f5af50f82975fd8c8fa2049a0d3f9c37bb"
"data/source_data/generated/SuppS12_axis_loss.csv","712","67abe724b09714d7b8dc54be618fe99dc8ab479619016e588719ac328c597279"
"data/source_data/generated/SuppS12_condition_loss.csv","2044","6a4d2baf0749486d8287e037614a90b556868a980248b16931ed488348d5daa7"
"data/source_data/generated/SuppS12_method_loss.csv","2450","f24a860d89d405b7b0c3dc05ff4e01dfb15e07d12f3f663b3b25a44e8143742d"
"data/source_data/generated/SuppS12_metric_loss.csv","2448","6072f9fe19bec4f9ee870a58cc3ffd9c55e7acaf5bc96baecbe2509e98f0fe97"
"data/source_data/generated/SuppS12_robustness_transitions.csv","218754","580f8ee80e7b3da8512be7768ef27f3fb628f55b8b6b236988fefd55fd32d188"
"data/source_data/generated/SuppS12_transition_summary.csv","550","b75f028c1dcdf50ce50631a013b6796ad5ff418d72279e490b0cd2e18b58e44f"
"data/source_data/generated/SuppS13_decision_agreement.csv","48455","fa672b80964db95b76f259c600c788cd35092dd02b16fdfc3e67f954c9316024"
"data/source_data/generated/SuppS13_method_claim.csv","6282","a644b8bc1c4beba45b556f01bc6acf142e4ce49bb83f2cd474c5695f57543d98"
"data/source_data/generated/SuppS13_method_scenario.csv","6082","1cedd6434ac9198de68a574a91bb4693ecef67f16696bef7915cdb5385f554e2"
"data/source_data/generated/SuppS13_method_summary.csv","871","d8a000dbfb90deac1a65fbe6d05bc6a8abf94f4c0c96297a8252bcb62f5d82a2"
"data/source_data/generated/SuppS13_metric_replication.csv","1375","afb2e5941aab0f14e41b36540831db6bb6e9fd1b03ff9b27c68ef19d065f52f5"
"data/source_data/generated/SuppS13_metric_rows.csv","597129","9edaa6aae5e956b523add8d4c8cc812751a8804b9d0319e218b7cfe782ae11c5"
"data/source_data/generated/SuppS13_run_summary.csv","27309","5500ae1966632fe39ec71cbe980f039033bc3490c1f8c5fab18c6481f67a9ceb"
"data/source_data/generated/SuppS7_boundary_sensitivity_changes.csv","235","1d8979c8293df499592c598ef98e52d8fb898e04a15a0d88b80bd295eccaecad"
"data/source_data/generated/SuppS7_boundary_sensitivity_components.csv","179448","f5400ab4fceba36b6b2aca7d599192703b0b162347d4b65bbe86577b705f5323"
"data/source_data/generated/SuppS7_boundary_sensitivity_decisions.csv","77125","aad7355ff6ded3ebda8382afd487e758641ab78001e28239db97ee82b01c3d57"
"data/source_data/generated/SuppS7_boundary_sensitivity_family_summary.csv","789","68b097d5afe233da3b0c6fab3b4e321a67dadbc9599c16a583db72eace8cd273"
"data/source_data/generated/SuppS7_boundary_sensitivity_gate_summary.csv","1113","cdb16b7440926485223975a4173bca3506b1165e5dc57bc4a369a6d2a5752ceb"
"data/source_data/generated/SuppS7_boundary_sensitivity_method_summary.csv","1747","0508e5dbda1a68247d6b2918b5fbf68f3b3122e9ccf4388013bc89bbc1d130ab"
"data/source_data/generated/SuppS8_multiseed_decision_agreement.csv","11852","a5fafbf728e39f446235e8007f3419d1ad0099ca0ad4e423f27d2eea26a64bb2"
"data/source_data/generated/SuppS8_multiseed_embedding_stability.csv","36275","1228f4d7be00a9d08ec121196a794dd883a1ca025e611772c1cb68ab746c3bc9"
"data/source_data/generated/SuppS8_multiseed_evaluation_cells.csv","1324548","39713bec1d1dfce73f746559159f916a103c1debe9d6fbc7ce8a150289ada0b1"
"data/source_data/generated/SuppS8_multiseed_method_summary.csv","1158","055ee0d1f460daa1cb17c6e8208279e1d1c928f273bc14367e904f2b094c643f"
"data/source_data/generated/SuppS8_multiseed_metric_dispersion.csv","18274","3b1d5f90f417c2d83e5821ade796fd8acfca9027b6360fbecedf4e83d8315a6f"
"data/source_data/generated/SuppS8_multiseed_metric_runs.csv","132916","b1527cdbc15a7fd01f48d8a70dbeed46d496eaa7298fc44d9f49125cac839b46"
"data/source_data/generated/SuppS9_leave_one_feature_out.csv","4222","77e4692e75c367b01c4ee3388fa09076e88b1cc3e63a69db6a6b170246ac1817"
"data/source_data/generated/SuppS9_leave_one_method_out.csv","984","4294c3f79ea77a23e8c1efa2a70bc54c8a33162c4b93f0dd542daf1ef826642e"
"data/source_data/generated/SuppS9_pairwise_distance_sensitivity.csv","1660","87c85ee0cbd47ef3f15250aecda9267228d89227297e0b410e2e8c6cf491811d"
"data/source_data/generated/SuppS9_signature_definition_sensitivity.csv","2181","358d3f9f53d2ee6bab32ffa6f09e92019d89cb98fc2da028a7860114880cc5ba"
"data/source_data/generated/SuppTableS12_method_analysis_support.csv","1210","908e6dec70ea146174963bdada048aa0503627335343c1fe6181a892ec608504"
"data/source_data/generated/SuppTableS13_method_bottlenecks.csv","558","2c5124102f075e95a02cd87fe2d552446f9227d50592d623c769b63865b111de"
"data/source_data/generated/fig2_v1_4_method_evidence_layers.csv","5035","a61e7dd0384f97f2f1b9ec6851897635108e894eb2f9df551e53d3528ed411c7"
"data/source_data/supp_s1_cell_complexity_metrics.csv","641","209ae0555cdc440026c090518a0d93950a993a5b259a98fcc5ca16653798ca82"
"data/source_data/supp_s1_dataset_composition.csv","17288","1633ab18829db1a5722abe85f872f90e8f01903a297e3efce3ef53c7b6b525fd"
"data/source_data/supp_s1_dataset_summary.csv","429","1b333757b5d1b2464d30b156a3a6a21bc2fbeb2de890fd4b5d5217a64356743a"
"data/source_data/supp_s1_detected_gene_quantiles.csv","379","6e5efaa985b3687bae4d2f9d17937ffb1200c230689f34559573fd7b380692bb"
"data/source_data/supp_s1_expression_sparsity_metrics.csv","550","b692c2fdb300a1f3e6b647365a21fa596c4c5a63296a92f8575058a57f2bf20e"
"data/source_data/supp_s1_label_burden_metrics.csv","711","b8067372f497341c6ab19f044eac3c6ab37df96a31214694b9b74d410796ca97"
"data/source_data/supp_s1_pc_label_separability.csv","471","2be881687732c84c503d6f2a8fd53e4b9a7defbd8ef166750a46d86555b11fb3"
"data/source_data/supp_s1_pca_variance_structure.csv","640","cdc411f758890194043845b5d6ab784b3b0a5f5f30ba098acbc1b9b7015539fb"
"data/source_data/supp_s1_rare_label_burden.csv","490","ace0321ccebe6889f62174860a0737efa5fc319674667a9782dfa0de2b1f507b"
"data/source_data/supp_s1_total_count_depth.csv","350","3dc7d694487486567b0ae04ec8bfa88d454e1791ca2ec5f9b146db2e748e2023"
"environment.yml","284","4386998bafa1ed625c3473f4fb393e4e6d5e42e0a93086cf02866628a01ba8a1"
"figures/__init__.py","0","e3b0c44298fc1c149afbf4c8996fb92427ae41e4649b934ca495991b7852b855"
"figures/config.py","3641","0915ed245a60c58b3e072a085341e3e300685bbf284fbffa27d7505bd81f542a"
"figures/figure_style.py","14672","117414b7ec8b8901d9f0c4d82706924ce1d1ea407057ccd38b21d38dfe55d0d7"
"figures/plot_figure_2.py","49539","3a2d65e9f0dc9ba5b243c60b7d91d7f3f42e90912bebf497eddb1481b1b97dac"
"figures/plot_figure_4_downstream.py","10538","8f20030bf22af5012d47c50996b46b066b7a4a68299b8b1e4786a9194b5c2f83"
"figures/plot_figure_7.py","24292","8699f527d3a00ea839bb84861892f4604b0663785979d7d3bf015af34c717c0a"
"figures/plot_figures_3_4.py","40661","6e7bb1385ff32a9192eeb20cfa231b92d0905c7a01205eb338bc3dd9301a1402"
"figures/plot_figures_5_6.py","37575","8fa97dad1a9615dbd52a8c5d7c5627c29ee84d95f4d1297d89211f847c062721"
"figures/plot_supplementary_figure_s1.py","15221","e1fa1b335a76cb520d628f1ffe129b03136910703efcd7be1f7fc46d7a8f786f"
"figures/plot_supplementary_figure_s12.py","17180","c156cead85af2de6a2aa2d681d583334602afcddf3918e2f289ed283f4ce3da7"
"figures/plot_supplementary_figure_s13.py","16442","24a7bb3a1127101e8beb0efc9bbda919b25b1d19f77bbc7673c85bd412f9f4b7"
"figures/plot_supplementary_figure_s2.py","5218","7b7ff2eddf9d4ff2e6b1a66b72d3e3e6e03387dc420c854af06e967ebac702ee"
"figures/plot_supplementary_figure_s9.py","18463","38f787183b5ff4fd1c15e8465b1012b5e8966dc6cabceb72e0bae2c9d4a42761"
"figures/plot_supplementary_figures_s10_s11.py","31627","42b82c70db76f2f52325387e94d54953c56e1b677934fe74f38ed66f69e2fdb6"
"figures/plot_supplementary_figures_s15_s16.py","10581","5244fedb2772a08636ffdca3ca44d9ddf4d730d9ba9f4f296524336e138848b3"
"figures/plot_supplementary_figures_s3_s6.py","28401","93a46c6ef3912f5a38c42c3176f75584efe639921b0847575f28ae3e789c1ef0"
"figures/plot_supplementary_figures_s7_s8.py","15894","5dcb39a03fde5989da7be6136e7f6a6af171ee64b9023fd4122750595d03feda"
"figures/style.py","6645","7a86a4d48ec22ffdbfc66b87ed84a4c1cc2c8ca845bcf4911c3c269a448dbc8b"
"make_figures.py","1085","6aae3ec65f9c72c708c4004e2a20b97a8d2632d5fab61135a88ff6a86e465eec"
"metadata/boundary_sensitivity_summary.csv","243943","eab28f57d98cd1353454939efc104c15dd38b3a88888bf471a48b44411159282"
"metadata/empirical_dataset_registry.csv","1544","ee30ee084da9dd8ae6d6e829263ff74e99fdb1b79665ff91530f4aea932d05b2"
"metadata/evaluated_method_settings.csv","5571","dca4b31c9d08296b39eddaafad64c133f1aa2c417e244d5c0648f5bc3677c2fa"
"metadata/main_figure_claim_to_evidence_matrix.csv","69986","cb6c9406758dc9f58e9b1210b05f8a0cdf160a800e0fbfa5c470b08b5117888d"
"metadata/mathematical_specification_codebook.md","4646","4d6009d80988ecf0d68a704a73b7857f282839300a3c00fe5c0b6d362fd97819"
"metadata/method_axis_coverage.csv","5403","ff8d4bdd7cbae5771f099983b1f4bfb9b2ed88240eeca87f5129e2b243ba8e54"
"metadata/method_mathematical_specifications.csv","6943","fd1fa761518551fde284518379ad640979a4369143458c79e2d7bd48ba887056"
"metadata/preprocessing_and_analysis_inputs.csv","2838","f5c8d1031917fe52481e9b8bc38c9110f4426f9c2d8d25063e83fb881c000670"
"metadata/public_data_sources.csv","2424","bfacad6f5fec397da55413b02ecf7841ac0cfee47ac39b66f1727581970eac72"
"metadata/random_seed_stability_summary.csv","229371","098ad2e3321c3f1bf8fb2dcfa384a9d0886d29f4bc753e48963d79c30914465d"
"metadata/supplementary_S15_S16_claim_to_evidence_matrix.csv","8137","a77b5df90ebbe3c620c6eb46f9284cf59639c133f11b1d9539c760fe1ba44565"
"metadata/supplementary_S15_S16_legends.json","3875","ff9497cc4fea6c8a383c43731678cb1242ecfd86b97adfb3eb7b753430e7c194"
"outputs/main_figures/Figure_1.jpg","558891","55c470f83d860783f23aa188a2167168ae99e349930293052dfbb9f15780e353"
"outputs/main_figures/Figure_2.jpg","1388017","3287f6bf7e84f7a93e68b31dc3c031cd3c64f9df6e28cae4ee9c5aeda25b64eb"
"outputs/main_figures/Figure_2.pdf","109217","e1d0cf4d7c6955245d247ea52114ee0b1abcc8ad98602e30a78990c28e44c746"
"outputs/main_figures/Figure_2.png","1145662","63e4b5dbcb7f7c15cad2b401e93d4c8a3385488fb77f27a07fca8cdbb795c913"
"outputs/main_figures/Figure_2.svg","224673","ff06393d424e87eef61f37a10c298c698ce00c4e8112419de1d5ff92ad2f1d95"
"outputs/main_figures/Figure_3.jpg","1032663","d391c78c7dfa5c84cc455844391e50b609483d8c37711300fa23e313678da452"
"outputs/main_figures/Figure_3.pdf","711912","411a7df5b657b9cf8222288f5ead4ff85c5fbab88b723c0c9bb2d2fead8e43ef"
"outputs/main_figures/Figure_3.png","2118522","425a17276127e3ba613a30494e31457935df1120ba91694ae80078371610bf1d"
"outputs/main_figures/Figure_3.svg","1046964","681b99bfaf0d400809130c492d79b73a32b5e668c6feadfb5762003149f5b0c4"
"outputs/main_figures/Figure_4.jpg","777155","560c0a21e7a29e26cf42a12126b6a613ba80b1a9aa62a500b0fce21abbb504fd"
"outputs/main_figures/Figure_4.pdf","70505","ba7f1c07eeb7068b8c0a10dd6c79530d123b8f48f33872e68ef4b8796cd84ec2"
"outputs/main_figures/Figure_4.png","578617","c2ebb1b44bf46797eaad0a0eec2e766eb9c739e54561b729706aba9a1d35ed72"
"outputs/main_figures/Figure_4.svg","164250","3fec1a5753234690d8e05eac01ebcebdc0bccad4e390fa19848be1dd7e257ca0"
"outputs/main_figures/Figure_5.jpg","941461","a04bbfcef790a8c20c791d8616d2470c611927da2583710772572d64b79e154e"
"outputs/main_figures/Figure_5.pdf","113083","971c9b2c3a7744b55ec1799a62ef349a7be52268d4259c9dd89e79ef6d6c825e"
"outputs/main_figures/Figure_5.png","1215435","11c45c1b8aaa1d738bb39c83dabb6c60cc38fb65dcf44b2ea25f2999d278cd6e"
"outputs/main_figures/Figure_5.svg","335502","def56e61768b6b540652351baf9f53ac22071a31e58a512ccc6459d2157cec2c"
"outputs/main_figures/Figure_6.jpg","686558","9c3882c1d9f656387df710c0f87e4694e88925f1e8d1483bdfc0ffc6a0aae2e4"
"outputs/main_figures/Figure_6.pdf","86657","4b4c988c8f59aa911e79787eee31753b8943f5075400d04cbb7779e9e35ef721"
"outputs/main_figures/Figure_6.png","726320","f6309467ea2bec1805a0daee425a2a6451e0d371a47a10eb3d373059f3e266b1"
"outputs/main_figures/Figure_6.svg","161785","4e2df742ba4987f9dec36954ee9f5c714011d6ee014bdad00091303f6e6d1a38"
"outputs/main_figures/Figure_7.jpg","2295238","608964ce01bf9aeb7224d834f1e5f21f0edb97dceb647acdd7e136368e998ac4"
"outputs/main_figures/Figure_7.pdf","86508","ed24b09413041daeb38cc396bb563da0f049cca80f7fc92e6248690eeafd715b"
"outputs/main_figures/Figure_7.png","1426810","abf2700fa753f71b87a913f6236b2522394f4eebc2a669f5a1a802078638f65e"
"outputs/main_figures/Figure_7.svg","227139","0dbd09daad58c5afb3669a0be4294d19175f0de2384931b78be9789b4686b608"
"outputs/supplementary_figures/Supplementary_Figure_S10_local_calibration.jpg","2330678","452b1b67b07edeaeee46c8c7fd442a377da9b2bef8e496799288ca9adc77c56a"
"outputs/supplementary_figures/Supplementary_Figure_S10_local_calibration.pdf","74816","2fa5c64c6a333de91662b6f47ed0db73647e5847fba30b1f98f61bd2bffa25e9"
"outputs/supplementary_figures/Supplementary_Figure_S10_local_calibration.png","1167274","586931f91d1b2b82e09b25346242cf8c5d7290ed48d990520f6767a68a83bf5c"
"outputs/supplementary_figures/Supplementary_Figure_S10_local_calibration.svg","138249","f1629baa4f521718829ab4ae054d7ef4055bc8e7e857e5cd478fa16a660f91f0"
"outputs/supplementary_figures/Supplementary_Figure_S11_continuum_calibration.jpg","2527549","bf352f128e9aa660c22009cd3f5dbd813d7c4a62b74c22d7a9f6bf1d64369797"
"outputs/supplementary_figures/Supplementary_Figure_S11_continuum_calibration.pdf","67126","73d08c4704bbc127fa2e9469a9b0c2be71f6929dcc90070858a9543a2a58ea17"
"outputs/supplementary_figures/Supplementary_Figure_S11_continuum_calibration.png","1356134","a65c318a5a29871cd5628a1c8e1928553c3244f11cedf1d3de5a7e0c6dcd6877"
"outputs/supplementary_figures/Supplementary_Figure_S11_continuum_calibration.svg","107866","57540dea5705e7c762b0fa1a842650c64b3d09feaabbf90eab999bd4275064ca"
"outputs/supplementary_figures/Supplementary_Figure_S12_robustness_transitions.jpg","1671000","2ec7ed9ec0bb26196b02f3d5a381d8d7fc6c8361407f1c5769e490364139a754"
"outputs/supplementary_figures/Supplementary_Figure_S12_robustness_transitions.pdf","66278","91e6ee73127ed280c21c523481d612c1c34c88cbba2e10cc26b51621420b4f15"
"outputs/supplementary_figures/Supplementary_Figure_S12_robustness_transitions.png","895941","5af745ac418b51d8825d4bfaaaceca5b8288b6bb8aca496d83f626e2f432d9d0"
"outputs/supplementary_figures/Supplementary_Figure_S12_robustness_transitions.svg","146123","2bbdf3a98cabd2bb953d1f9fa1855aad6cd4773c1a6685280e083421b7d1137b"
"outputs/supplementary_figures/Supplementary_Figure_S13_simulation_replication.jpg","1893017","f0dfc1e30a4711de50a138195109cb5e82d1b1fe24f046ba6960f341acf1ffd0"
"outputs/supplementary_figures/Supplementary_Figure_S13_simulation_replication.pdf","84656","de10babbc231e309fd9e447a73642ff25765dcb703bcd62a14afffdf2f156c34"
"outputs/supplementary_figures/Supplementary_Figure_S13_simulation_replication.png","1155155","37ff13ed5eb5a1315534ee4cb26d0aaa0fc6eebb7d7846f1616b422e1b7fe2c9"
"outputs/supplementary_figures/Supplementary_Figure_S13_simulation_replication.svg","242041","8c9f0eae52a4fffef1a22cdf7cb4315d70c188cdab188a441638f44005607caa"
"outputs/supplementary_figures/Supplementary_Figure_S14_threshold_gate_sensitivity.jpg","834976","f3a7f7c686de42f5543ff04a03c733c8e6092f6fa12cdccd2ebf43ae9fc7e610"
"outputs/supplementary_figures/Supplementary_Figure_S14_threshold_gate_sensitivity.pdf","94007","6566bfbed84bfe53532d7391960baa5c2871461030e89d460084b2ff0322d627"
"outputs/supplementary_figures/Supplementary_Figure_S14_threshold_gate_sensitivity.png","922326","7bddd991233b6c84a87608c4b3964d55c3aee52a8e8e1d3e1d72c7746b3e56bf"
"outputs/supplementary_figures/Supplementary_Figure_S14_threshold_gate_sensitivity.svg","234140","23db3e96984303d30f458c616c2014f238ea46fc260f3031e9870b7c5760513c"
"outputs/supplementary_figures/Supplementary_Figure_S15_permutation_calibration.pdf","99322","6919785af8b49e32edbbb5ff2ee48659e8d1ea7443a288b4f02057672c70402a"
"outputs/supplementary_figures/Supplementary_Figure_S15_permutation_calibration.png","701030","1fe6f18f85772979761f9668e617274b40a297ec66a1464cdfe865af37470d08"
"outputs/supplementary_figures/Supplementary_Figure_S15_permutation_calibration.svg","199612","c7f7c43aae955a1d1586beafd0efd9d5998f9616276b7dc5e1cce0bd6dbb0c3e"
"outputs/supplementary_figures/Supplementary_Figure_S16_scvi_geometry.pdf","81489","5caac9af45bff8b5d6bd006c6d83b389c888a70adc5f15511321e3e573857d36"
"outputs/supplementary_figures/Supplementary_Figure_S16_scvi_geometry.png","665307","1be14e61ff9e59dd653b79d085f368d04854e15d717f6aa939e48306398282e8"
"outputs/supplementary_figures/Supplementary_Figure_S16_scvi_geometry.svg","140850","ed22e55ea14f6d10be22775fc2216d3d9cda15d430754dbe1e173f63bf07f916"
"outputs/supplementary_figures/Supplementary_Figure_S1_dataset_context.jpg","576813","a567db873f4aa9326097fddb161c5f32d8126d8faa219d89c64202b5504318d9"
"outputs/supplementary_figures/Supplementary_Figure_S1_dataset_context.pdf","61714","08f9d219ed788aad1302d25bba427d092cb0513d8597fc29ff44efeceafa0ad3"
"outputs/supplementary_figures/Supplementary_Figure_S1_dataset_context.png","628770","ba1747cefbe6cc4d03cc329e665b19aff5fcd30f3fa81a35c0a3e29e082f6899"
"outputs/supplementary_figures/Supplementary_Figure_S1_dataset_context.svg","118019","d14643c88a491c0c73d2a48cefd8e0cae856022b67aaaf0aa3fe2b5dbf0e2ff6"
"outputs/supplementary_figures/Supplementary_Figure_S2_mechanism_simulation_metric_summary.jpg","1077983","b072d6283f5855ecc90e81094658a7752c4e273d6f448c24dd5f80408001497b"
"outputs/supplementary_figures/Supplementary_Figure_S2_mechanism_simulation_metric_summary.pdf","108733","f99efa46e93b6239eb029e8196500ceb37db47d36098ed199534f45519522b42"
"outputs/supplementary_figures/Supplementary_Figure_S2_mechanism_simulation_metric_summary.png","587877","2134e143552a58c4204e687b5a5ec93fe0a373a717e61b91790f9ccdcc50beff"
"outputs/supplementary_figures/Supplementary_Figure_S2_mechanism_simulation_metric_summary.svg","203819","d70360494070150dec281cee48d70743c18275a0069c0ed4ee4919b6edbc47e8"
"outputs/supplementary_figures/Supplementary_Figure_S3_full_embedding_atlas.jpg","2357083","8b7cff1f1761d51d168dce4a0208c54956cebef94ef42aa69aa2c91baa518bad"
"outputs/supplementary_figures/Supplementary_Figure_S3_full_embedding_atlas.pdf","4568737","356faa5b3a68c7d6474de4a5a6a9b33173115c1df1cc2080e59d449201c6d721"
"outputs/supplementary_figures/Supplementary_Figure_S3_full_embedding_atlas.png","6878803","546c12ce8b5fca5dd31c9d4ca36d86aa98b898587426b9ad23d54f0155102433"
"outputs/supplementary_figures/Supplementary_Figure_S3_full_embedding_atlas.svg","6573144","baf098b56bc98d34a99295cf7f091d78eac9a53add51db3767468fef5559cb07"
"outputs/supplementary_figures/Supplementary_Figure_S4_diagnostic_gate_metric_atlas.jpg","1808536","5f1130cc6ae8ab74d4cb49724e1f922bf709fcbd0b889bfb2bb318a890950f65"
"outputs/supplementary_figures/Supplementary_Figure_S4_diagnostic_gate_metric_atlas.pdf","141331","bdeb936440891209cb4b376e897fa04984a649117ac5288ce66f9dda0ab0626e"
"outputs/supplementary_figures/Supplementary_Figure_S4_diagnostic_gate_metric_atlas.png","1302071","2d63d69b9c4b1c879deda79333fc56d819f3e6792b4815ed1084641afda63be3"
"outputs/supplementary_figures/Supplementary_Figure_S4_diagnostic_gate_metric_atlas.svg","294173","85384ecd07fcfaedb1d69fedd0b6af08c28accb60379308292007f212279b5a3"
"outputs/supplementary_figures/Supplementary_Figure_S5_biological_consistency_atlas.jpg","1704537","7129d87ff5b7d077ba3a68d85752a4273bfbc2ed72ab6e6b61cb1d6e9264106e"
"outputs/supplementary_figures/Supplementary_Figure_S5_biological_consistency_atlas.pdf","118665","787030c992c14b406b90c108f19cc270b6b5f52b51e7a02fc34eaba595e99ea3"
"outputs/supplementary_figures/Supplementary_Figure_S5_biological_consistency_atlas.png","1195706","9ac51effe9e9ce448c7463f568c3d4af1f7691bf132698df5f4be89517707baa"
"outputs/supplementary_figures/Supplementary_Figure_S5_biological_consistency_atlas.svg","195897","72d5c3b6774418176ef338ee8b8d7f1b368e8ac91a103a3b155238e2d97db7bd"
"outputs/supplementary_figures/Supplementary_Figure_S6_robustness_response_atlas.jpg","1655638","f68c0a21c19710738a8bd8ec480802b8115df373e8fdcaae1db3aa32e0dbd06d"
"outputs/supplementary_figures/Supplementary_Figure_S6_robustness_response_atlas.pdf","96222","66d4f5a2f058144990e80681b5b3d169698d18df3f0d8c9851cc6a83f6b4943c"
"outputs/supplementary_figures/Supplementary_Figure_S6_robustness_response_atlas.png","1394378","51e074aeda27d19f35e6b3f50a734b80501b6310d4796280ab888372d2b203d4"
"outputs/supplementary_figures/Supplementary_Figure_S6_robustness_response_atlas.svg","197213","6d229569a3ab1211b31b3eaa8fc99bd2ed995fb72083f7a75595c3c9ea43ffa6"
"outputs/supplementary_figures/Supplementary_Figure_S7_boundary_sensitivity.jpg","2325380","e47a6db4bba851413fe6058c69a161ff2a67264b59e6145e7aa47e66efe4eea5"
"outputs/supplementary_figures/Supplementary_Figure_S7_boundary_sensitivity.pdf","68756","dc303b9be29e4f6b07ee1e5ce3aa407f37904d74ca7213c0f6b3e9cb885fe60b"
"outputs/supplementary_figures/Supplementary_Figure_S7_boundary_sensitivity.png","1095637","329e3bd18b869e63d28d98d9aa7e4cd67129ae506ce04028df470db3c16abe6e"
"outputs/supplementary_figures/Supplementary_Figure_S7_boundary_sensitivity.svg","124661","6df34510ec8dbce802c12210fbe1bd3af775c1b6cffbdc1e899c1db2e427891e"
"outputs/supplementary_figures/Supplementary_Figure_S8_multiseed_stability.jpg","2172582","89e0187c4715106e26d7e621deedb5f0ecfc523dc3b3cffcbad67dea4f8ee928"
"outputs/supplementary_figures/Supplementary_Figure_S8_multiseed_stability.pdf","87952","68cfdb8d31d30b7996203af1a1abac8a9b5720300917ccb1cd60eb8dc655843a"
"outputs/supplementary_figures/Supplementary_Figure_S8_multiseed_stability.png","1086084","10a6941c5fd2b65d69ddae05df9f60e26471df8cd01f274470bb74242d9bc87a"
"outputs/supplementary_figures/Supplementary_Figure_S8_multiseed_stability.svg","157544","617414ac4a10b03bdc0ffe2801e23a9243817f3c75629d650b4fe9a6631192a0"
"outputs/supplementary_figures/Supplementary_Figure_S9_signature_sensitivity.jpg","2116827","f0f43ab0bb0c05b13268c4766d751df848501271b6baf4da3d6537bc57379e37"
"outputs/supplementary_figures/Supplementary_Figure_S9_signature_sensitivity.pdf","61085","5cb63d269db0d9fe6ce8a2bb42cc3c7e25323ec8b8badec503222a494bd47fa5"
"outputs/supplementary_figures/Supplementary_Figure_S9_signature_sensitivity.png","915162","8344c82a772ceec2b49ef59ab1c06ec1b64a8d847085f28086ee228a6d5bfc36"
"outputs/supplementary_figures/Supplementary_Figure_S9_signature_sensitivity.svg","92923","afa056678f50823e37e41f525860850880d15fd191fa1ecc0cb39ea0716cbf42"
"outputs/supplementary_figures/Supplementary_Figures_S1-S16.pdf","18124156","9917ad43fdcdb1f31d65b9437c7dc6472a3bfd4f46baab48c6ecada22aa4ae42"
"outputs/tables/Supplementary_Table_S4_Mathematical_Specifications.csv","6943","fd1fa761518551fde284518379ad640979a4369143458c79e2d7bd48ba887056"
"outputs/tables/Supplementary_Tables.xlsx","726996","e6f4030d313a7e67bf142591e6b6830d66f085a8f5c788125c3876be6afcb384"
"outputs/tables/Table_1_mathematical_specifications.md","7057","92bcd4f32cfaf89117f1e71d2a0a7e0be3821922b73cbb28394d451ab42e8860"
"requirements.txt","119","a8bd62b49c14bc93c59c1e78a720ef8c700c29795c509f9fe91bf3b235fa2037"
