dataset_id,method,metric,root,root_cell_id,n_cells,excluded_cells,sampled_pairs,null_family,tail,observed,operational_cutoff,original_cutoff_met,null_mean,null_sd,null_q025,null_q05,null_q95,null_q975,effect_vs_null_mean,p_one_sided,monte_carlo_se,extreme_draws,permutations,embedding_seed,permutation_seed,k,q_bh,null_rejected_q05
paul15,PCA,pseudotime_distance_correlation,stored_8Mk,W37022,1000,0,5000,continuum_unrestricted,upper,0.322440976378,0.45,False,0.000186778981754,0.0151291908729,-0.0288599522034,-0.024503299154,0.0252327269454,0.0297838914088,0.322254197396,0.0005,0.000499874984371,0,1999,0,20261005,15,0.0005,True
paul15,PCA,local_pseudotime_retention,stored_8Mk,W37022,1000,0,5000,continuum_unrestricted,upper,0.66179807566,0.5,True,0.000101481165954,0.0140333868127,-0.028668602666,-0.0228739388003,0.0233414612647,0.028325003566,0.661696594494,0.0005,0.000499874984371,0,1999,0,20261005,15,0.0005,True
paul15,PCA,pseudotime_distance_correlation,stored_8Mk,W37022,1000,0,5000,continuum_within_lineage,upper,0.322440976378,0.45,False,0.0540260176174,0.0151256823016,0.0233766768706,0.0291442933985,0.0792756823825,0.0837356660539,0.268414958761,0.0005,0.000499874984371,0,1999,0,20261005,15,0.0005,True
paul15,PCA,local_pseudotime_retention,stored_8Mk,W37022,1000,0,5000,continuum_within_lineage,upper,0.66179807566,0.5,True,0.0498095943286,0.0132944601247,0.0229126821405,0.0283110331563,0.0716519253108,0.075704854402,0.611988481331,0.0005,0.000499874984371,0,1999,0,20261005,15,0.0005,True
paul15,GLM-PCA,pseudotime_distance_correlation,stored_8Mk,W37022,1000,0,5000,continuum_unrestricted,upper,0.385996848722,0.45,False,0.000265933251656,0.014885314041,-0.0292986159662,-0.0239497095684,0.0246950694867,0.029071701256,0.385730915471,0.0005,0.000499874984371,0,1999,0,20261005,15,0.0005,True
paul15,GLM-PCA,local_pseudotime_retention,stored_8Mk,W37022,1000,0,5000,continuum_unrestricted,upper,0.599283314501,0.5,True,-0.000254274364999,0.0138044192437,-0.0280185128202,-0.0226234233443,0.02255068201,0.0264877085873,0.599537588866,0.0005,0.000499874984371,0,1999,0,20261005,15,0.0005,True
paul15,GLM-PCA,pseudotime_distance_correlation,stored_8Mk,W37022,1000,0,5000,continuum_within_lineage,upper,0.385996848722,0.45,False,0.0759784237179,0.0151518556426,0.0463145864828,0.0517925786623,0.101521775383,0.107356020429,0.310018425005,0.0005,0.000499874984371,0,1999,0,20261005,15,0.0005,True
paul15,GLM-PCA,local_pseudotime_retention,stored_8Mk,W37022,1000,0,5000,continuum_within_lineage,upper,0.599283314501,0.5,True,0.056713740809,0.0136176196775,0.0297508361093,0.0342422409448,0.0791605123759,0.083488417532,0.542569573692,0.0005,0.000499874984371,0,1999,0,20261005,15,0.0005,True
paul15,scScope,pseudotime_distance_correlation,stored_8Mk,W37022,1000,0,5000,continuum_unrestricted,upper,0.200575084275,0.45,False,0.000346066562669,0.0162125108513,-0.031087198065,-0.0260345333113,0.0271408712937,0.0316536845063,0.200229017712,0.0005,0.000499874984371,0,1999,0,20261005,15,0.0005,True
paul15,scScope,local_pseudotime_retention,stored_8Mk,W37022,1000,0,5000,continuum_unrestricted,upper,0.603001134646,0.5,True,-0.000349079965801,0.0134469045804,-0.0262124172744,-0.0222912568598,0.0216315647714,0.0256890704684,0.603350214612,0.0005,0.000499874984371,0,1999,0,20261005,15,0.0005,True
paul15,scScope,pseudotime_distance_correlation,stored_8Mk,W37022,1000,0,5000,continuum_within_lineage,upper,0.200575084275,0.45,False,0.0372339678183,0.0150737016579,0.00841605594297,0.0125731652714,0.061804981078,0.0654824644593,0.163341116457,0.0005,0.000499874984371,0,1999,0,20261005,15,0.0005,True
paul15,scScope,local_pseudotime_retention,stored_8Mk,W37022,1000,0,5000,continuum_within_lineage,upper,0.603001134646,0.5,True,0.0480071878612,0.0133972229453,0.0221005987714,0.0263340320242,0.0702057161989,0.0744553530322,0.554993946785,0.0005,0.000499874984371,0,1999,0,20261005,15,0.0005,True
paul15,SAUCIE,pseudotime_distance_correlation,stored_8Mk,W37022,1000,0,5000,continuum_unrestricted,upper,0.212066932223,0.45,False,0.000304025680855,0.0158984228064,-0.0303796811677,-0.0259621558363,0.0269046330432,0.0325100269104,0.211762906542,0.0005,0.000499874984371,0,1999,0,20261005,15,0.0005,True
paul15,SAUCIE,local_pseudotime_retention,stored_8Mk,W37022,1000,0,5000,continuum_unrestricted,upper,0.631749164285,0.5,True,-0.000244842869247,0.0132258947419,-0.0266008206485,-0.0228110719719,0.0212036935315,0.0257825158835,0.631994007154,0.0005,0.000499874984371,0,1999,0,20261005,15,0.0005,True
paul15,SAUCIE,pseudotime_distance_correlation,stored_8Mk,W37022,1000,0,5000,continuum_within_lineage,upper,0.212066932223,0.45,False,0.0324102130032,0.0153416651038,0.00227723816951,0.00771812053709,0.057424426273,0.0611301017445,0.17965671922,0.0005,0.000499874984371,0,1999,0,20261005,15,0.0005,True
paul15,SAUCIE,local_pseudotime_retention,stored_8Mk,W37022,1000,0,5000,continuum_within_lineage,upper,0.631749164285,0.5,True,0.0489774512798,0.0136563816416,0.0219874116932,0.0265628256205,0.0714284286289,0.0756128536629,0.582771713005,0.0005,0.000499874984371,0,1999,0,20261005,15,0.0005,True
paul15,UMAP,pseudotime_distance_correlation,stored_8Mk,W37022,1000,0,5000,continuum_unrestricted,upper,0.223670226048,0.45,False,6.56263128208e-05,0.0160416113732,-0.0301511516335,-0.025643731989,0.0269506200115,0.0304484388922,0.223604599735,0.0005,0.000499874984371,0,1999,0,20261005,15,0.0005,True
paul15,UMAP,local_pseudotime_retention,stored_8Mk,W37022,1000,0,5000,continuum_unrestricted,upper,0.773122846931,0.5,True,6.78024695217e-05,0.0133453903755,-0.0251334607,-0.0220898887876,0.0225437452635,0.0257739692535,0.773055044462,0.0005,0.000499874984371,0,1999,0,20261005,15,0.0005,True
paul15,UMAP,pseudotime_distance_correlation,stored_8Mk,W37022,1000,0,5000,continuum_within_lineage,upper,0.223670226048,0.45,False,0.0598099266956,0.0149017445535,0.03055007899,0.0351698169622,0.0842692744537,0.0892377255458,0.163860299352,0.0005,0.000499874984371,0,1999,0,20261005,15,0.0005,True
paul15,UMAP,local_pseudotime_retention,stored_8Mk,W37022,1000,0,5000,continuum_within_lineage,upper,0.773122846931,0.5,True,0.0700242527893,0.0127390855088,0.0453834176254,0.0491169683467,0.090509026536,0.0945195719462,0.703098594142,0.0005,0.000499874984371,0,1999,0,20261005,15,0.0005,True
paul15,PHATE,pseudotime_distance_correlation,stored_8Mk,W37022,1000,0,5000,continuum_unrestricted,upper,0.246836832671,0.45,False,-0.000614781837465,0.0155963303455,-0.0315389818775,-0.0255250614341,0.0256487011881,0.03031621841,0.247451614508,0.0005,0.000499874984371,0,1999,0,20261005,15,0.0005,True
paul15,PHATE,local_pseudotime_retention,stored_8Mk,W37022,1000,0,5000,continuum_unrestricted,upper,0.795024131608,0.5,True,-0.000514695038108,0.0133519575931,-0.0269548633484,-0.0228137708785,0.0209307503012,0.0247108242661,0.795538826646,0.0005,0.000499874984371,0,1999,0,20261005,15,0.0005,True
paul15,PHATE,pseudotime_distance_correlation,stored_8Mk,W37022,1000,0,5000,continuum_within_lineage,upper,0.246836832671,0.45,False,0.063620228381,0.0145361704497,0.0352892675687,0.0392719462687,0.0873579815623,0.0931367529027,0.18321660429,0.0005,0.000499874984371,0,1999,0,20261005,15,0.0005,True
paul15,PHATE,local_pseudotime_retention,stored_8Mk,W37022,1000,0,5000,continuum_within_lineage,upper,0.795024131608,0.5,True,0.0559759697925,0.0129403585622,0.0307294769469,0.0350736353309,0.0767988187365,0.0810635579187,0.739048161816,0.0005,0.000499874984371,0,1999,0,20261005,15,0.0005,True
paul15,t-SNE,pseudotime_distance_correlation,stored_8Mk,W37022,1000,0,5000,continuum_unrestricted,upper,0.194664967102,0.45,False,-0.000257611912132,0.0154147150683,-0.029475093727,-0.0249471903906,0.025996443698,0.0308028118062,0.194922579014,0.0005,0.000499874984371,0,1999,0,20261005,15,0.0005,True
paul15,t-SNE,local_pseudotime_retention,stored_8Mk,W37022,1000,0,5000,continuum_unrestricted,upper,0.747817706308,0.5,True,-0.000309624355289,0.0134126790048,-0.026470135974,-0.0226154344276,0.0218405242958,0.0255510255377,0.748127330664,0.0005,0.000499874984371,0,1999,0,20261005,15,0.0005,True
paul15,t-SNE,pseudotime_distance_correlation,stored_8Mk,W37022,1000,0,5000,continuum_within_lineage,upper,0.194664967102,0.45,False,0.0503062358821,0.0147462384303,0.0219172055472,0.0261066611628,0.0750665240434,0.079693205895,0.14435873122,0.0005,0.000499874984371,0,1999,0,20261005,15,0.0005,True
paul15,t-SNE,local_pseudotime_retention,stored_8Mk,W37022,1000,0,5000,continuum_within_lineage,upper,0.747817706308,0.5,True,0.0668235036126,0.0126356425234,0.0419831308904,0.0459592694876,0.0871658233025,0.0910668370447,0.680994202696,0.0005,0.000499874984371,0,1999,0,20261005,15,0.0005,True
paul15,PaCMAP,pseudotime_distance_correlation,stored_8Mk,W37022,1000,0,5000,continuum_unrestricted,upper,0.285976657044,0.45,False,-0.000915473863653,0.0159994728672,-0.0318861360766,-0.0272187999114,0.0254255176284,0.0308512463355,0.286892130908,0.0005,0.000499874984371,0,1999,0,20261005,15,0.0005,True
paul15,PaCMAP,local_pseudotime_retention,stored_8Mk,W37022,1000,0,5000,continuum_unrestricted,upper,0.776864143504,0.5,True,-6.23593568989e-05,0.0134043147218,-0.0273599790066,-0.0229797092076,0.0208081484567,0.0261915854331,0.776926502861,0.0005,0.000499874984371,0,1999,0,20261005,15,0.0005,True
paul15,PaCMAP,pseudotime_distance_correlation,stored_8Mk,W37022,1000,0,5000,continuum_within_lineage,upper,0.285976657044,0.45,False,0.0794731029166,0.015276249379,0.0508034605877,0.0546322981593,0.104678411302,0.109672907241,0.206503554127,0.0005,0.000499874984371,0,1999,0,20261005,15,0.0005,True
paul15,PaCMAP,local_pseudotime_retention,stored_8Mk,W37022,1000,0,5000,continuum_within_lineage,upper,0.776864143504,0.5,True,0.0703564403081,0.0126123865959,0.0454459092679,0.0489712747112,0.0909537153393,0.0945837464024,0.706507703196,0.0005,0.000499874984371,0,1999,0,20261005,15,0.0005,True
paul15,scVI,pseudotime_distance_correlation,stored_8Mk,W37022,1000,0,5000,continuum_unrestricted,upper,0.307689559655,0.45,False,-0.000104304902149,0.0150405504182,-0.0297728289252,-0.0252042398855,0.0246488058609,0.0285030475124,0.307793864557,0.0005,0.000499874984371,0,1999,0,20261005,15,0.0005,True
paul15,scVI,local_pseudotime_retention,stored_8Mk,W37022,1000,0,5000,continuum_unrestricted,upper,0.619307717525,0.5,True,6.36516082917e-05,0.0136789346807,-0.0261450416445,-0.0224437529344,0.0224449956484,0.0263597662566,0.619244065916,0.0005,0.000499874984371,0,1999,0,20261005,15,0.0005,True
paul15,scVI,pseudotime_distance_correlation,stored_8Mk,W37022,1000,0,5000,continuum_within_lineage,upper,0.307689559655,0.45,False,0.0511147171121,0.0146427146064,0.0228605409324,0.027575874653,0.0750187739164,0.0790424132465,0.256574842543,0.0005,0.000499874984371,0,1999,0,20261005,15,0.0005,True
paul15,scVI,local_pseudotime_retention,stored_8Mk,W37022,1000,0,5000,continuum_within_lineage,upper,0.619307717525,0.5,True,0.0527492691643,0.0137836477713,0.0250082934937,0.029598202358,0.0750859766425,0.0784580322676,0.56655844836,0.0005,0.000499874984371,0,1999,0,20261005,15,0.0005,True
paul15,PCA,pseudotime_distance_correlation,7MEP,W38152,1000,0,5000,continuum_unrestricted,upper,0.327717189389,0.45,False,-1.51944282255e-05,0.015631515906,-0.0302510715937,-0.0261052842876,0.0252910300804,0.0294037034427,0.327732383817,0.0005,0.000499874984371,0,1999,0,20261005,15,0.0005,True
paul15,PCA,local_pseudotime_retention,7MEP,W38152,1000,0,5000,continuum_unrestricted,upper,0.673401315545,0.5,True,-0.000100925823379,0.0136150506504,-0.0259921029436,-0.0223897018835,0.0222950546738,0.0264806495764,0.673502241369,0.0005,0.000499874984371,0,1999,0,20261005,15,0.0005,True
paul15,PCA,pseudotime_distance_correlation,7MEP,W38152,1000,0,5000,continuum_within_lineage,upper,0.327717189389,0.45,False,0.0622086691348,0.0155019796126,0.0319294332902,0.0370267976662,0.0877159296345,0.0922319075537,0.265508520254,0.0005,0.000499874984371,0,1999,0,20261005,15,0.0005,True
paul15,PCA,local_pseudotime_retention,7MEP,W38152,1000,0,5000,continuum_within_lineage,upper,0.673401315545,0.5,True,0.0491223688737,0.0136029549985,0.0217540573937,0.0262617272996,0.0717133472547,0.075770064328,0.624278946672,0.0005,0.000499874984371,0,1999,0,20261005,15,0.0005,True
paul15,GLM-PCA,pseudotime_distance_correlation,7MEP,W38152,1000,0,5000,continuum_unrestricted,upper,0.374736235591,0.45,False,-1.73519286334e-05,0.0161056618805,-0.0309150290549,-0.0259674766797,0.0259290928637,0.0322774613008,0.37475358752,0.0005,0.000499874984371,0,1999,0,20261005,15,0.0005,True
paul15,GLM-PCA,local_pseudotime_retention,7MEP,W38152,1000,0,5000,continuum_unrestricted,upper,0.589629754123,0.5,True,-1.63775895957e-05,0.0139173146,-0.0278255265445,-0.024322407725,0.0226017196546,0.0274717210672,0.589646131712,0.0005,0.000499874984371,0,1999,0,20261005,15,0.0005,True
paul15,GLM-PCA,pseudotime_distance_correlation,7MEP,W38152,1000,0,5000,continuum_within_lineage,upper,0.374736235591,0.45,False,0.0806840502606,0.0152230183138,0.0507598245214,0.0554289069695,0.105831277803,0.109860958588,0.29405218533,0.0005,0.000499874984371,0,1999,0,20261005,15,0.0005,True
paul15,GLM-PCA,local_pseudotime_retention,7MEP,W38152,1000,0,5000,continuum_within_lineage,upper,0.589629754123,0.5,True,0.0554852372364,0.013445528781,0.0295088442343,0.0338022306953,0.0774664779987,0.0807117944042,0.534144516886,0.0005,0.000499874984371,0,1999,0,20261005,15,0.0005,True
paul15,scScope,pseudotime_distance_correlation,7MEP,W38152,1000,0,5000,continuum_unrestricted,upper,0.189992033512,0.45,False,2.09639180505e-06,0.0158330317852,-0.0308765929548,-0.0260562981537,0.0252580805512,0.0305555138671,0.18998993712,0.0005,0.000499874984371,0,1999,0,20261005,15,0.0005,True
paul15,scScope,local_pseudotime_retention,7MEP,W38152,1000,0,5000,continuum_unrestricted,upper,0.60197001098,0.5,True,-5.94002314995e-05,0.0132206573191,-0.0258804267716,-0.021992138447,0.0214816199388,0.0258468062876,0.602029411211,0.0005,0.000499874984371,0,1999,0,20261005,15,0.0005,True
paul15,scScope,pseudotime_distance_correlation,7MEP,W38152,1000,0,5000,continuum_within_lineage,upper,0.189992033512,0.45,False,0.0395986579148,0.0147736237972,0.011114308516,0.0148876269715,0.0640385534652,0.0678408125392,0.150393375597,0.0005,0.000499874984371,0,1999,0,20261005,15,0.0005,True
paul15,scScope,local_pseudotime_retention,7MEP,W38152,1000,0,5000,continuum_within_lineage,upper,0.60197001098,0.5,True,0.0495282038033,0.0136101343591,0.023178711496,0.0270844567548,0.0716291318542,0.0754646431868,0.552441807177,0.0005,0.000499874984371,0,1999,0,20261005,15,0.0005,True
paul15,SAUCIE,pseudotime_distance_correlation,7MEP,W38152,1000,0,5000,continuum_unrestricted,upper,0.20352283644,0.45,False,-0.000547372056414,0.016120256431,-0.0323040774148,-0.028246384021,0.025128305836,0.0314457790408,0.204070208497,0.0005,0.000499874984371,0,1999,0,20261005,15,0.0005,True
paul15,SAUCIE,local_pseudotime_retention,7MEP,W38152,1000,0,5000,continuum_unrestricted,upper,0.644389645051,0.5,True,0.000500145613725,0.0133234680709,-0.0260838256624,-0.0211783749713,0.0224955703298,0.0273980691839,0.643889499437,0.0005,0.000499874984371,0,1999,0,20261005,15,0.0005,True
paul15,SAUCIE,pseudotime_distance_correlation,7MEP,W38152,1000,0,5000,continuum_within_lineage,upper,0.20352283644,0.45,False,0.0398360327731,0.0153802884914,0.0103048211682,0.014683727811,0.0654545273781,0.069907957436,0.163686803667,0.0005,0.000499874984371,0,1999,0,20261005,15,0.0005,True
paul15,SAUCIE,local_pseudotime_retention,7MEP,W38152,1000,0,5000,continuum_within_lineage,upper,0.644389645051,0.5,True,0.0502906005245,0.0131426421923,0.024675455888,0.0287277630995,0.0719906836294,0.0757881053895,0.594099044527,0.0005,0.000499874984371,0,1999,0,20261005,15,0.0005,True
paul15,UMAP,pseudotime_distance_correlation,7MEP,W38152,1000,0,5000,continuum_unrestricted,upper,0.215329776513,0.45,False,-0.000217673032614,0.0154735762662,-0.0301213935091,-0.0253029302795,0.0259591142063,0.0310619699894,0.215547449546,0.0005,0.000499874984371,0,1999,0,20261005,15,0.0005,True
paul15,UMAP,local_pseudotime_retention,7MEP,W38152,1000,0,5000,continuum_unrestricted,upper,0.781289540828,0.5,True,3.79640552298e-05,0.0140360722477,-0.0268055862292,-0.0231959741064,0.0232655937421,0.0270321128149,0.781251576773,0.0005,0.000499874984371,0,1999,0,20261005,15,0.0005,True
paul15,UMAP,pseudotime_distance_correlation,7MEP,W38152,1000,0,5000,continuum_within_lineage,upper,0.215329776513,0.45,False,0.0671649971054,0.0150372319004,0.0389587936808,0.0422164683651,0.0919238529011,0.097231603212,0.148164779408,0.0005,0.000499874984371,0,1999,0,20261005,15,0.0005,True
paul15,UMAP,local_pseudotime_retention,7MEP,W38152,1000,0,5000,continuum_within_lineage,upper,0.781289540828,0.5,True,0.0654156542856,0.0129666513331,0.0395902886533,0.0433914825748,0.0864063421355,0.0911343991699,0.715873886542,0.0005,0.000499874984371,0,1999,0,20261005,15,0.0005,True
paul15,PHATE,pseudotime_distance_correlation,7MEP,W38152,1000,0,5000,continuum_unrestricted,upper,0.240336953484,0.45,False,-0.000439178813247,0.0151002045889,-0.0302525483706,-0.0247283208012,0.0251501945003,0.0289987662538,0.240776132297,0.0005,0.000499874984371,0,1999,0,20261005,15,0.0005,True
paul15,PHATE,local_pseudotime_retention,7MEP,W38152,1000,0,5000,continuum_unrestricted,upper,0.797225600189,0.5,True,6.45383843789e-05,0.0134660347626,-0.0273216829213,-0.021811118623,0.021505290466,0.0257024473955,0.797161061805,0.0005,0.000499874984371,0,1999,0,20261005,15,0.0005,True
paul15,PHATE,pseudotime_distance_correlation,7MEP,W38152,1000,0,5000,continuum_within_lineage,upper,0.240336953484,0.45,False,0.0744087034343,0.015073624293,0.0443296067995,0.0488157963022,0.0991362198983,0.103013710605,0.16592825005,0.0005,0.000499874984371,0,1999,0,20261005,15,0.0005,True
paul15,PHATE,local_pseudotime_retention,7MEP,W38152,1000,0,5000,continuum_within_lineage,upper,0.797225600189,0.5,True,0.0548562384214,0.0133916828747,0.0286973844366,0.0330847793142,0.0766931716803,0.0815130331414,0.742369361768,0.0005,0.000499874984371,0,1999,0,20261005,15,0.0005,True
paul15,t-SNE,pseudotime_distance_correlation,7MEP,W38152,1000,0,5000,continuum_unrestricted,upper,0.186757519874,0.45,False,-5.55294618554e-05,0.015423505306,-0.0299234203778,-0.0258145808573,0.0245426323524,0.0292252729441,0.186813049336,0.0005,0.000499874984371,0,1999,0,20261005,15,0.0005,True
paul15,t-SNE,local_pseudotime_retention,7MEP,W38152,1000,0,5000,continuum_unrestricted,upper,0.757863489393,0.5,True,-9.75579891313e-05,0.0132717359627,-0.0265342183756,-0.022016569083,0.0215412977181,0.0259617404036,0.757961047382,0.0005,0.000499874984371,0,1999,0,20261005,15,0.0005,True
paul15,t-SNE,pseudotime_distance_correlation,7MEP,W38152,1000,0,5000,continuum_within_lineage,upper,0.186757519874,0.45,False,0.058758868429,0.0154021821113,0.0291941358049,0.0334673724139,0.0843004367184,0.0892466101778,0.127998651445,0.0005,0.000499874984371,0,1999,0,20261005,15,0.0005,True
paul15,t-SNE,local_pseudotime_retention,7MEP,W38152,1000,0,5000,continuum_within_lineage,upper,0.757863489393,0.5,True,0.0626105000126,0.0130306355356,0.0366328524533,0.0406868520402,0.083393399231,0.086879352138,0.695252989381,0.0005,0.000499874984371,0,1999,0,20261005,15,0.0005,True
paul15,PaCMAP,pseudotime_distance_correlation,7MEP,W38152,1000,0,5000,continuum_unrestricted,upper,0.275268284946,0.45,False,0.000271070327264,0.0160814190619,-0.0305754155031,-0.0257639412345,0.0280373288353,0.0336842977254,0.274997214619,0.0005,0.000499874984371,0,1999,0,20261005,15,0.0005,True
paul15,PaCMAP,local_pseudotime_retention,7MEP,W38152,1000,0,5000,continuum_unrestricted,upper,0.781354605967,0.5,True,0.000339764746634,0.0135102148444,-0.0262249587885,-0.0218528013804,0.0228775967352,0.0269866510739,0.78101484122,0.0005,0.000499874984371,0,1999,0,20261005,15,0.0005,True
paul15,PaCMAP,pseudotime_distance_correlation,7MEP,W38152,1000,0,5000,continuum_within_lineage,upper,0.275268284946,0.45,False,0.084260289562,0.0150473140057,0.0547743273221,0.0598323225598,0.107349064326,0.112616634222,0.191007995384,0.0005,0.000499874984371,0,1999,0,20261005,15,0.0005,True
paul15,PaCMAP,local_pseudotime_retention,7MEP,W38152,1000,0,5000,continuum_within_lineage,upper,0.781354605967,0.5,True,0.0652413946241,0.0124673151984,0.0407578551409,0.0452937576761,0.0856059203367,0.0906142835712,0.716113211343,0.0005,0.000499874984371,0,1999,0,20261005,15,0.0005,True
paul15,scVI,pseudotime_distance_correlation,7MEP,W38152,1000,0,5000,continuum_unrestricted,upper,0.297403469062,0.45,False,0.000211461154186,0.0151180427935,-0.0299243206274,-0.0247463061187,0.0251598369166,0.0296901563079,0.297192007908,0.0005,0.000499874984371,0,1999,0,20261005,15,0.0005,True
paul15,scVI,local_pseudotime_retention,7MEP,W38152,1000,0,5000,continuum_unrestricted,upper,0.615360765134,0.5,True,-0.000252295604047,0.013516592187,-0.0256912761992,-0.0222158679421,0.0228676364842,0.0260320384435,0.615613060738,0.0005,0.000499874984371,0,1999,0,20261005,15,0.0005,True
paul15,scVI,pseudotime_distance_correlation,7MEP,W38152,1000,0,5000,continuum_within_lineage,upper,0.297403469062,0.45,False,0.0557296381551,0.01482892534,0.025584987999,0.0316099573854,0.07980804675,0.0844708190991,0.241673830907,0.0005,0.000499874984371,0,1999,0,20261005,15,0.0005,True
paul15,scVI,local_pseudotime_retention,7MEP,W38152,1000,0,5000,continuum_within_lineage,upper,0.615360765134,0.5,True,0.052585983563,0.0132685164029,0.0273113056381,0.0305080125389,0.0741762564371,0.0781166359633,0.562774781571,0.0005,0.000499874984371,0,1999,0,20261005,15,0.0005,True
paul15,PCA,pseudotime_distance_correlation,9GMP,W38596,1000,0,5000,continuum_unrestricted,upper,0.640234034453,0.45,True,0.000167452650855,0.0148388500647,-0.0286407506255,-0.025086998968,0.0247062043496,0.0301071322542,0.640066581802,0.0005,0.000499874984371,0,1999,0,20261005,15,0.0005,True
paul15,PCA,local_pseudotime_retention,9GMP,W38596,1000,0,5000,continuum_unrestricted,upper,0.758946196755,0.5,True,-0.000438583229989,0.0135297870424,-0.0267805581486,-0.0229967054305,0.021678193848,0.0261691890681,0.759384779985,0.0005,0.000499874984371,0,1999,0,20261005,15,0.0005,True
paul15,PCA,pseudotime_distance_correlation,9GMP,W38596,1000,0,5000,continuum_within_lineage,upper,0.640234034453,0.45,True,0.38956773933,0.0141722812722,0.362301136129,0.366137793367,0.411992295893,0.415639445473,0.250666295122,0.0005,0.000499874984371,0,1999,0,20261005,15,0.0005,True
paul15,PCA,local_pseudotime_retention,9GMP,W38596,1000,0,5000,continuum_within_lineage,upper,0.758946196755,0.5,True,0.38521277565,0.00881070859983,0.368107673786,0.370633726866,0.399149577869,0.401900822858,0.373733421105,0.0005,0.000499874984371,0,1999,0,20261005,15,0.0005,True
paul15,GLM-PCA,pseudotime_distance_correlation,9GMP,W38596,1000,0,5000,continuum_unrestricted,upper,0.683416462384,0.45,True,-0.000178385518885,0.0147745514229,-0.0300694350231,-0.0249549300345,0.0246457714879,0.0285569720155,0.683594847903,0.0005,0.000499874984371,0,1999,0,20261005,15,0.0005,True
paul15,GLM-PCA,local_pseudotime_retention,9GMP,W38596,1000,0,5000,continuum_unrestricted,upper,0.731106310949,0.5,True,0.000198607984869,0.0136007186236,-0.0269560796011,-0.022399924734,0.022033790629,0.0267673047537,0.730907702965,0.0005,0.000499874984371,0,1999,0,20261005,15,0.0005,True
paul15,GLM-PCA,pseudotime_distance_correlation,9GMP,W38596,1000,0,5000,continuum_within_lineage,upper,0.683416462384,0.45,True,0.370893277751,0.0154104230033,0.340849447676,0.345432943964,0.395347941558,0.400066936766,0.312523184633,0.0005,0.000499874984371,0,1999,0,20261005,15,0.0005,True
paul15,GLM-PCA,local_pseudotime_retention,9GMP,W38596,1000,0,5000,continuum_within_lineage,upper,0.731106310949,0.5,True,0.396711822269,0.00851182427959,0.380442279025,0.382966710488,0.41113448265,0.41414294547,0.33439448868,0.0005,0.000499874984371,0,1999,0,20261005,15,0.0005,True
paul15,scScope,pseudotime_distance_correlation,9GMP,W38596,1000,0,5000,continuum_unrestricted,upper,0.458335516811,0.45,True,0.000119296017655,0.0152914979695,-0.0295129213423,-0.0248763729385,0.0258821345337,0.0313434682862,0.458216220794,0.0005,0.000499874984371,0,1999,0,20261005,15,0.0005,True
paul15,scScope,local_pseudotime_retention,9GMP,W38596,1000,0,5000,continuum_unrestricted,upper,0.719181672272,0.5,True,-0.000205797343341,0.0134249832265,-0.0255666700743,-0.0217635960901,0.0226570510862,0.0273597700355,0.719387469615,0.0005,0.000499874984371,0,1999,0,20261005,15,0.0005,True
paul15,scScope,pseudotime_distance_correlation,9GMP,W38596,1000,0,5000,continuum_within_lineage,upper,0.458335516811,0.45,True,0.336791798029,0.0129924068142,0.312186208316,0.315634645545,0.358471942928,0.362428127502,0.121543718783,0.0005,0.000499874984371,0,1999,0,20261005,15,0.0005,True
paul15,scScope,local_pseudotime_retention,9GMP,W38596,1000,0,5000,continuum_within_lineage,upper,0.719181672272,0.5,True,0.377644539294,0.00934251602797,0.360529020605,0.362469910025,0.392958028122,0.396149014717,0.341537132978,0.0005,0.000499874984371,0,1999,0,20261005,15,0.0005,True
paul15,SAUCIE,pseudotime_distance_correlation,9GMP,W38596,1000,0,5000,continuum_unrestricted,upper,0.582194264018,0.45,True,-0.000348236208424,0.0150640150871,-0.0290487683142,-0.0246580400478,0.0240614762088,0.031333055677,0.582542500227,0.0005,0.000499874984371,0,1999,0,20261005,15,0.0005,True
paul15,SAUCIE,local_pseudotime_retention,9GMP,W38596,1000,0,5000,continuum_unrestricted,upper,0.742255791617,0.5,True,-0.000198131310637,0.0132247751035,-0.0262887057511,-0.0211938905117,0.021467225566,0.0258571781272,0.742453922928,0.0005,0.000499874984371,0,1999,0,20261005,15,0.0005,True
paul15,SAUCIE,pseudotime_distance_correlation,9GMP,W38596,1000,0,5000,continuum_within_lineage,upper,0.582194264018,0.45,True,0.344680333317,0.0148042948829,0.315115437074,0.320206523382,0.369119269359,0.373091512159,0.237513930701,0.0005,0.000499874984371,0,1999,0,20261005,15,0.0005,True
paul15,SAUCIE,local_pseudotime_retention,9GMP,W38596,1000,0,5000,continuum_within_lineage,upper,0.742255791617,0.5,True,0.38384228702,0.00889220269362,0.366477361426,0.369200879099,0.398388989167,0.401562795286,0.358413504597,0.0005,0.000499874984371,0,1999,0,20261005,15,0.0005,True
paul15,UMAP,pseudotime_distance_correlation,9GMP,W38596,1000,0,5000,continuum_unrestricted,upper,0.685233276475,0.45,True,-0.000286480910724,0.0152613157423,-0.0296468429167,-0.0254369094017,0.0248260560677,0.0291026741693,0.685519757386,0.0005,0.000499874984371,0,1999,0,20261005,15,0.0005,True
paul15,UMAP,local_pseudotime_retention,9GMP,W38596,1000,0,5000,continuum_unrestricted,upper,0.854097601313,0.5,True,0.000591898398073,0.0136354336783,-0.0259075607055,-0.0215182400814,0.02262314025,0.0279272744628,0.853505702915,0.0005,0.000499874984371,0,1999,0,20261005,15,0.0005,True
paul15,UMAP,pseudotime_distance_correlation,9GMP,W38596,1000,0,5000,continuum_within_lineage,upper,0.685233276475,0.45,True,0.422587024327,0.0141323211827,0.395229131825,0.399682910695,0.445984376928,0.450072277656,0.262646252148,0.0005,0.000499874984371,0,1999,0,20261005,15,0.0005,True
paul15,UMAP,local_pseudotime_retention,9GMP,W38596,1000,0,5000,continuum_within_lineage,upper,0.854097601313,0.5,True,0.406550827281,0.00824082807744,0.389991199302,0.392556952582,0.419943219256,0.423173790848,0.447546774032,0.0005,0.000499874984371,0,1999,0,20261005,15,0.0005,True
paul15,PHATE,pseudotime_distance_correlation,9GMP,W38596,1000,0,5000,continuum_unrestricted,upper,0.718346908438,0.45,True,-0.000210387381779,0.014816051451,-0.0298202000887,-0.0252816394849,0.0227766152516,0.0284356753649,0.71855729582,0.0005,0.000499874984371,0,1999,0,20261005,15,0.0005,True
paul15,PHATE,local_pseudotime_retention,9GMP,W38596,1000,0,5000,continuum_unrestricted,upper,0.865323871233,0.5,True,-0.000218831730025,0.0135272646888,-0.0276408646506,-0.0230584489742,0.0214923730629,0.0253756393456,0.865542702963,0.0005,0.000499874984371,0,1999,0,20261005,15,0.0005,True
paul15,PHATE,pseudotime_distance_correlation,9GMP,W38596,1000,0,5000,continuum_within_lineage,upper,0.718346908438,0.45,True,0.432912112502,0.0147724169001,0.405184494471,0.409209041321,0.456728491711,0.460156755716,0.285434795936,0.0005,0.000499874984371,0,1999,0,20261005,15,0.0005,True
paul15,PHATE,local_pseudotime_retention,9GMP,W38596,1000,0,5000,continuum_within_lineage,upper,0.865323871233,0.5,True,0.387289570689,0.00938678996618,0.369538257936,0.371757181954,0.402958673554,0.405744813154,0.478034300544,0.0005,0.000499874984371,0,1999,0,20261005,15,0.0005,True
paul15,t-SNE,pseudotime_distance_correlation,9GMP,W38596,1000,0,5000,continuum_unrestricted,upper,0.678936465719,0.45,True,-0.000150241694139,0.0143055656683,-0.0287070578697,-0.0238466487343,0.0232107367495,0.0277909952312,0.679086707413,0.0005,0.000499874984371,0,1999,0,20261005,15,0.0005,True
paul15,t-SNE,local_pseudotime_retention,9GMP,W38596,1000,0,5000,continuum_unrestricted,upper,0.836461239442,0.5,True,-0.000477076977102,0.0135619496307,-0.0273341449172,-0.0233394567589,0.0216913930019,0.0256090114524,0.836938316419,0.0005,0.000499874984371,0,1999,0,20261005,15,0.0005,True
paul15,t-SNE,pseudotime_distance_correlation,9GMP,W38596,1000,0,5000,continuum_within_lineage,upper,0.678936465719,0.45,True,0.418507253457,0.0143541098043,0.390956435166,0.39437570266,0.442525524639,0.44700649929,0.260429212262,0.0005,0.000499874984371,0,1999,0,20261005,15,0.0005,True
paul15,t-SNE,local_pseudotime_retention,9GMP,W38596,1000,0,5000,continuum_within_lineage,upper,0.836461239442,0.5,True,0.401654971731,0.00803562159298,0.386683982128,0.38914233385,0.414971432092,0.417678791078,0.434806267711,0.0005,0.000499874984371,0,1999,0,20261005,15,0.0005,True
paul15,PaCMAP,pseudotime_distance_correlation,9GMP,W38596,1000,0,5000,continuum_unrestricted,upper,0.736039978162,0.45,True,-0.000375144746856,0.0152356820807,-0.0289030630452,-0.0250073203759,0.0252098130084,0.0303111204738,0.736415122909,0.0005,0.000499874984371,0,1999,0,20261005,15,0.0005,True
paul15,PaCMAP,local_pseudotime_retention,9GMP,W38596,1000,0,5000,continuum_unrestricted,upper,0.850267062209,0.5,True,-0.000216855522257,0.0133124459453,-0.0256306137271,-0.0226471346527,0.0204399878605,0.0249030257841,0.850483917732,0.0005,0.000499874984371,0,1999,0,20261005,15,0.0005,True
paul15,PaCMAP,pseudotime_distance_correlation,9GMP,W38596,1000,0,5000,continuum_within_lineage,upper,0.736039978162,0.45,True,0.417433632755,0.0148152343098,0.388261737721,0.392830730382,0.440650086676,0.44636576883,0.318606345407,0.0005,0.000499874984371,0,1999,0,20261005,15,0.0005,True
paul15,PaCMAP,local_pseudotime_retention,9GMP,W38596,1000,0,5000,continuum_within_lineage,upper,0.850267062209,0.5,True,0.394321233668,0.00843956089952,0.377758286812,0.38041473587,0.408503093041,0.410884681224,0.455945828542,0.0005,0.000499874984371,0,1999,0,20261005,15,0.0005,True
paul15,scVI,pseudotime_distance_correlation,9GMP,W38596,1000,0,5000,continuum_unrestricted,upper,0.550907776803,0.45,True,0.000275756829296,0.0147882012337,-0.0290137576857,-0.0242384918497,0.0251449518189,0.0292336716539,0.550632019974,0.0005,0.000499874984371,0,1999,0,20261005,15,0.0005,True
paul15,scVI,local_pseudotime_retention,9GMP,W38596,1000,0,5000,continuum_unrestricted,upper,0.722783533834,0.5,True,0.000336643796124,0.0132503405825,-0.0254796133451,-0.0220264783695,0.0218083120762,0.027436748066,0.722446890038,0.0005,0.000499874984371,0,1999,0,20261005,15,0.0005,True
paul15,scVI,pseudotime_distance_correlation,9GMP,W38596,1000,0,5000,continuum_within_lineage,upper,0.550907776803,0.45,True,0.381022874256,0.0126283110071,0.355969368881,0.35965350568,0.401002272269,0.405256312678,0.169884902547,0.0005,0.000499874984371,0,1999,0,20261005,15,0.0005,True
paul15,scVI,local_pseudotime_retention,9GMP,W38596,1000,0,5000,continuum_within_lineage,upper,0.722783533834,0.5,True,0.391401570065,0.0087077880783,0.374386862644,0.37709161209,0.406101054905,0.408887094986,0.331381963769,0.0005,0.000499874984371,0,1999,0,20261005,15,0.0005,True
paul15,PCA,pseudotime_distance_correlation,1Ery,W38158,1000,0,5000,continuum_unrestricted,upper,0.858968696935,0.45,True,0.000237105045368,0.0144803484226,-0.0270064228314,-0.0227367660968,0.0241829656826,0.0293176285815,0.85873159189,0.0005,0.000499874984371,0,1999,0,20261005,15,0.0005,True
paul15,PCA,local_pseudotime_retention,1Ery,W38158,1000,0,5000,continuum_unrestricted,upper,0.857179771127,0.5,True,-0.000347447014495,0.0128681403892,-0.0261529947255,-0.021378438516,0.0206724387526,0.0256036735847,0.857527218141,0.0005,0.000499874984371,0,1999,0,20261005,15,0.0005,True
paul15,PCA,pseudotime_distance_correlation,1Ery,W38158,1000,0,5000,continuum_within_lineage,upper,0.858968696935,0.45,True,0.56777021814,0.0101431139589,0.547411455646,0.550863629032,0.584704414848,0.587805028919,0.291198478795,0.0005,0.000499874984371,0,1999,0,20261005,15,0.0005,True
paul15,PCA,local_pseudotime_retention,1Ery,W38158,1000,0,5000,continuum_within_lineage,upper,0.857179771127,0.5,True,0.561790678212,0.00569244048362,0.550997522018,0.552552954668,0.571373676571,0.572990228802,0.295389092914,0.0005,0.000499874984371,0,1999,0,20261005,15,0.0005,True
paul15,GLM-PCA,pseudotime_distance_correlation,1Ery,W38158,1000,0,5000,continuum_unrestricted,upper,0.844682193303,0.45,True,0.000112323233349,0.0149661086906,-0.0296011069387,-0.0237907162039,0.0244933672666,0.0296047057605,0.84456987007,0.0005,0.000499874984371,0,1999,0,20261005,15,0.0005,True
paul15,GLM-PCA,local_pseudotime_retention,1Ery,W38158,1000,0,5000,continuum_unrestricted,upper,0.832923099648,0.5,True,-0.000303213736455,0.0133997897038,-0.02618289187,-0.022663443839,0.0211265532784,0.0269389942829,0.833226313384,0.0005,0.000499874984371,0,1999,0,20261005,15,0.0005,True
paul15,GLM-PCA,pseudotime_distance_correlation,1Ery,W38158,1000,0,5000,continuum_within_lineage,upper,0.844682193303,0.45,True,0.536856988195,0.0112174032911,0.515837503748,0.518710614397,0.555150794273,0.558726683357,0.307825205109,0.0005,0.000499874984371,0,1999,0,20261005,15,0.0005,True
paul15,GLM-PCA,local_pseudotime_retention,1Ery,W38158,1000,0,5000,continuum_within_lineage,upper,0.832923099648,0.5,True,0.567579220245,0.00556467398474,0.557101502872,0.55867236806,0.576976385644,0.578742362589,0.265343879403,0.0005,0.000499874984371,0,1999,0,20261005,15,0.0005,True
paul15,scScope,pseudotime_distance_correlation,1Ery,W38158,1000,0,5000,continuum_unrestricted,upper,0.754099654832,0.45,True,-0.000100878979188,0.0150589760086,-0.0289377390879,-0.0250241551862,0.024441493871,0.0296789526291,0.754200533811,0.0005,0.000499874984371,0,1999,0,20261005,15,0.0005,True
paul15,scScope,local_pseudotime_retention,1Ery,W38158,1000,0,5000,continuum_unrestricted,upper,0.820458264049,0.5,True,-0.000179905340318,0.013393130874,-0.0278381300215,-0.0228567455441,0.021755050658,0.0245887332079,0.820638169389,0.0005,0.000499874984371,0,1999,0,20261005,15,0.0005,True
paul15,scScope,pseudotime_distance_correlation,1Ery,W38158,1000,0,5000,continuum_within_lineage,upper,0.754099654832,0.45,True,0.521772906016,0.00977875976259,0.503106989535,0.506064596435,0.538373852021,0.541482707983,0.232326748815,0.0005,0.000499874984371,0,1999,0,20261005,15,0.0005,True
paul15,scScope,local_pseudotime_retention,1Ery,W38158,1000,0,5000,continuum_within_lineage,upper,0.820458264049,0.5,True,0.542070756862,0.00627464539553,0.530010891383,0.532420736689,0.55272300572,0.554531768271,0.278387507187,0.0005,0.000499874984371,0,1999,0,20261005,15,0.0005,True
paul15,SAUCIE,pseudotime_distance_correlation,1Ery,W38158,1000,0,5000,continuum_unrestricted,upper,0.818553567277,0.45,True,0.000103407040169,0.014792314831,-0.0283817348731,-0.0235149494874,0.0243602050083,0.0286115273315,0.818450160237,0.0005,0.000499874984371,0,1999,0,20261005,15,0.0005,True
paul15,SAUCIE,local_pseudotime_retention,1Ery,W38158,1000,0,5000,continuum_unrestricted,upper,0.851771608011,0.5,True,0.000300330262681,0.013154315424,-0.0249147651511,-0.0219074201007,0.021793917649,0.0257444829178,0.851471277749,0.0005,0.000499874984371,0,1999,0,20261005,15,0.0005,True
paul15,SAUCIE,pseudotime_distance_correlation,1Ery,W38158,1000,0,5000,continuum_within_lineage,upper,0.818553567277,0.45,True,0.511106681405,0.0108975653616,0.489828818208,0.49369363122,0.529106561926,0.532283393214,0.307446885872,0.0005,0.000499874984371,0,1999,0,20261005,15,0.0005,True
paul15,SAUCIE,local_pseudotime_retention,1Ery,W38158,1000,0,5000,continuum_within_lineage,upper,0.851771608011,0.5,True,0.56105212605,0.00584037384835,0.54998873251,0.551543940205,0.570782122774,0.57329751792,0.290719481961,0.0005,0.000499874984371,0,1999,0,20261005,15,0.0005,True
paul15,UMAP,pseudotime_distance_correlation,1Ery,W38158,1000,0,5000,continuum_unrestricted,upper,0.92384707839,0.45,True,-0.000581140656799,0.0142768416915,-0.0284011015148,-0.0245462210251,0.0222082788745,0.0264693197724,0.924428219047,0.0005,0.000499874984371,0,1999,0,20261005,15,0.0005,True
paul15,UMAP,local_pseudotime_retention,1Ery,W38158,1000,0,5000,continuum_unrestricted,upper,0.906212642048,0.5,True,0.000143488297489,0.0130573604987,-0.0261367480027,-0.0221654313911,0.0213418214352,0.025056724473,0.906069153751,0.0005,0.000499874984371,0,1999,0,20261005,15,0.0005,True
paul15,UMAP,pseudotime_distance_correlation,1Ery,W38158,1000,0,5000,continuum_within_lineage,upper,0.92384707839,0.45,True,0.611236510635,0.00962002317149,0.591631636592,0.595032413239,0.626544415671,0.629876821535,0.312610567755,0.0005,0.000499874984371,0,1999,0,20261005,15,0.0005,True
paul15,UMAP,local_pseudotime_retention,1Ery,W38158,1000,0,5000,continuum_within_lineage,upper,0.906212642048,0.5,True,0.564451596597,0.00523732115048,0.554199144767,0.555871139956,0.572994316238,0.574563546472,0.341761045452,0.0005,0.000499874984371,0,1999,0,20261005,15,0.0005,True
paul15,PHATE,pseudotime_distance_correlation,1Ery,W38158,1000,0,5000,continuum_unrestricted,upper,0.950338775567,0.45,True,-0.00029443762593,0.0143087237165,-0.0287821287328,-0.023850628895,0.0224400947597,0.0267190896554,0.950633213193,0.0005,0.000499874984371,0,1999,0,20261005,15,0.0005,True
paul15,PHATE,local_pseudotime_retention,1Ery,W38158,1000,0,5000,continuum_unrestricted,upper,0.901698239117,0.5,True,0.0003699682626,0.0133051784628,-0.025509121327,-0.0210790114685,0.0225525645595,0.0275818197498,0.901328270855,0.0005,0.000499874984371,0,1999,0,20261005,15,0.0005,True
paul15,PHATE,pseudotime_distance_correlation,1Ery,W38158,1000,0,5000,continuum_within_lineage,upper,0.950338775567,0.45,True,0.628355156905,0.0102723294792,0.608056303309,0.611342753845,0.645452404382,0.648450764862,0.321983618662,0.0005,0.000499874984371,0,1999,0,20261005,15,0.0005,True
paul15,PHATE,local_pseudotime_retention,1Ery,W38158,1000,0,5000,continuum_within_lineage,upper,0.901698239117,0.5,True,0.556230462897,0.00597757758329,0.545124444946,0.546664671156,0.566642352923,0.568728111848,0.34546777622,0.0005,0.000499874984371,0,1999,0,20261005,15,0.0005,True
paul15,t-SNE,pseudotime_distance_correlation,1Ery,W38158,1000,0,5000,continuum_unrestricted,upper,0.912272193127,0.45,True,-7.87946019825e-05,0.0149104651532,-0.0291977652758,-0.0249706671904,0.0240551586372,0.028134551865,0.912350987729,0.0005,0.000499874984371,0,1999,0,20261005,15,0.0005,True
paul15,t-SNE,local_pseudotime_retention,1Ery,W38158,1000,0,5000,continuum_unrestricted,upper,0.892646105692,0.5,True,-5.6279139263e-06,0.0134800115737,-0.0265867438327,-0.0222048673048,0.0219529471215,0.0255491627148,0.892651733606,0.0005,0.000499874984371,0,1999,0,20261005,15,0.0005,True
paul15,t-SNE,pseudotime_distance_correlation,1Ery,W38158,1000,0,5000,continuum_within_lineage,upper,0.912272193127,0.45,True,0.611760404172,0.0100085408665,0.592533294116,0.596005055507,0.628641854905,0.631964843943,0.300511788955,0.0005,0.000499874984371,0,1999,0,20261005,15,0.0005,True
paul15,t-SNE,local_pseudotime_retention,1Ery,W38158,1000,0,5000,continuum_within_lineage,upper,0.892646105692,0.5,True,0.565038588516,0.00535263843311,0.554914477944,0.556693101865,0.573856624648,0.576327292025,0.327607517176,0.0005,0.000499874984371,0,1999,0,20261005,15,0.0005,True
paul15,PaCMAP,pseudotime_distance_correlation,1Ery,W38158,1000,0,5000,continuum_unrestricted,upper,0.923959496603,0.45,True,-0.000440645581699,0.0146464927201,-0.0304808295528,-0.0249192705314,0.0227277751311,0.0273772977677,0.924400142184,0.0005,0.000499874984371,0,1999,0,20261005,15,0.0005,True
paul15,PaCMAP,local_pseudotime_retention,1Ery,W38158,1000,0,5000,continuum_unrestricted,upper,0.901939991203,0.5,True,-0.000125724280798,0.0126996461439,-0.0245132887565,-0.020628977358,0.0204211308907,0.0246105283779,0.902065715484,0.0005,0.000499874984371,0,1999,0,20261005,15,0.0005,True
paul15,PaCMAP,pseudotime_distance_correlation,1Ery,W38158,1000,0,5000,continuum_within_lineage,upper,0.923959496603,0.45,True,0.591390826801,0.0106004950735,0.570209306056,0.574035243096,0.608771385557,0.612395812267,0.332568669801,0.0005,0.000499874984371,0,1999,0,20261005,15,0.0005,True
paul15,PaCMAP,local_pseudotime_retention,1Ery,W38158,1000,0,5000,continuum_within_lineage,upper,0.901939991203,0.5,True,0.563688970838,0.00557708184113,0.553280845748,0.554904918712,0.57301807432,0.574793407746,0.338251020366,0.0005,0.000499874984371,0,1999,0,20261005,15,0.0005,True
paul15,scVI,pseudotime_distance_correlation,1Ery,W38158,1000,0,5000,continuum_unrestricted,upper,0.766778508893,0.45,True,-0.000152449152622,0.0145228803926,-0.0293435910585,-0.0239529198613,0.0240101472391,0.0281469307577,0.766930958046,0.0005,0.000499874984371,0,1999,0,20261005,15,0.0005,True
paul15,scVI,local_pseudotime_retention,1Ery,W38158,1000,0,5000,continuum_unrestricted,upper,0.84165285727,0.5,True,9.46901259403e-06,0.0131817169725,-0.0258120304122,-0.0215776985964,0.0215318070036,0.0258620125081,0.841643388258,0.0005,0.000499874984371,0,1999,0,20261005,15,0.0005,True
paul15,scVI,pseudotime_distance_correlation,1Ery,W38158,1000,0,5000,continuum_within_lineage,upper,0.766778508893,0.45,True,0.577295364435,0.00860141283501,0.560210117471,0.563000363765,0.590875262504,0.593872337684,0.189483144458,0.0005,0.000499874984371,0,1999,0,20261005,15,0.0005,True
paul15,scVI,local_pseudotime_retention,1Ery,W38158,1000,0,5000,continuum_within_lineage,upper,0.84165285727,0.5,True,0.567997758065,0.00566724591264,0.557031094146,0.558767204317,0.577467972079,0.579198563762,0.273655099205,0.0005,0.000499874984371,0,1999,0,20261005,15,0.0005,True
