dataset_id,method,metric,n_cells,sampled_pairs,null_family,tail,observed,operational_cutoff,original_cutoff_met,null_mean,null_sd,null_q025,null_q05,null_q95,null_q975,effect_vs_null_mean,p_one_sided,monte_carlo_se,extreme_draws,permutations,embedding_seed,permutation_seed,k,q_bh,null_rejected_q05
pbmc3k,PCA,local_retention,1000,5000,geometry_unrestricted,upper,0.115933333333,0.3,False,0.0150067367017,0.00105122031379,0.013,0.0132666666667,0.0168,0.0170666666667,0.100926596632,0.0005,0.000499874984371,0,1999,0,20261005,15,0.0005,True
pbmc3k,PCA,trustworthiness,1000,5000,geometry_unrestricted,upper,0.80928181508,0.9,False,0.503431799011,0.00288607063333,0.497823957694,0.498798799045,0.508218758103,0.509174585466,0.305850016069,0.0005,0.000499874984371,0,1999,0,20261005,15,0.0005,True
pbmc3k,PCA,global_rank_corr,1000,5000,geometry_unrestricted,upper,0.659625786519,0.45,True,0.000782073896047,0.0204157308247,-0.0385250195866,-0.0329130015831,0.0345466699484,0.0418790945047,0.658843712623,0.0005,0.000499874984371,0,1999,0,20261005,15,0.0005,True
pbmc3k,PCA,local_retention,1000,5000,geometry_within_annotation,upper,0.115933333333,0.3,False,0.0609045856261,0.00211732728579,0.0569333333333,0.0575333333333,0.0644066666667,0.0652,0.0550287477072,0.0005,0.000499874984371,0,1999,0,20261005,15,0.000519230769231,True
pbmc3k,PCA,trustworthiness,1000,5000,geometry_within_annotation,upper,0.80928181508,0.9,False,0.753194274517,0.0022891682457,0.748777929034,0.749408440805,0.756982736267,0.757602558854,0.0560875405632,0.0005,0.000499874984371,0,1999,0,20261005,15,0.000519230769231,True
pbmc3k,PCA,global_rank_corr,1000,5000,geometry_within_annotation,upper,0.659625786519,0.45,True,0.524922326277,0.00813425942023,0.508860351869,0.511636549997,0.538543018032,0.541326202243,0.134703460242,0.0005,0.000499874984371,0,1999,0,20261005,15,0.000519230769231,True
pbmc3k,PCA,label_neighbor_recall,1000,0,annotation_unrestricted,upper,0.777466666667,0.55,True,0.258612406203,0.00433145791747,0.2502,0.251593333333,0.265866666667,0.2674,0.518854260464,0.0005,0.000499874984371,0,1999,0,20261005,15,0.0005,True
pbmc3k,GLM-PCA,local_retention,1000,5000,geometry_unrestricted,upper,0.0912,0.3,False,0.0150309821577,0.0011088718814,0.013,0.0132666666667,0.0169333333333,0.0173333333333,0.0761690178423,0.0005,0.000499874984371,0,1999,0,20261005,15,0.0005,True
pbmc3k,GLM-PCA,trustworthiness,1000,5000,geometry_unrestricted,upper,0.804829682702,0.9,False,0.503589308643,0.00305087013362,0.497719443876,0.498662094848,0.508653967929,0.509548512453,0.301240374059,0.0005,0.000499874984371,0,1999,0,20261005,15,0.0005,True
pbmc3k,GLM-PCA,global_rank_corr,1000,5000,geometry_unrestricted,upper,0.531987553716,0.45,True,-0.000303285258545,0.0184457448653,-0.0366686685994,-0.0300985837418,0.0301811996941,0.0350171404654,0.532290838975,0.0005,0.000499874984371,0,1999,0,20261005,15,0.0005,True
pbmc3k,GLM-PCA,local_retention,1000,5000,geometry_within_annotation,upper,0.0912,0.3,False,0.0703893946973,0.00222209379644,0.0660666666667,0.0667266666667,0.0741333333333,0.0745333333333,0.0208106053027,0.0005,0.000499874984371,0,1999,0,20261005,15,0.000519230769231,True
pbmc3k,GLM-PCA,trustworthiness,1000,5000,geometry_within_annotation,upper,0.804829682702,0.9,False,0.770252224918,0.00228477539021,0.765792367793,0.766581787786,0.774026871375,0.774745578301,0.0345774577838,0.0005,0.000499874984371,0,1999,0,20261005,15,0.000519230769231,True
pbmc3k,GLM-PCA,global_rank_corr,1000,5000,geometry_within_annotation,upper,0.531987553716,0.45,True,0.524376708922,0.00658839554518,0.511340198493,0.513668674481,0.535268321519,0.537545928669,0.00761084479368,0.1215,0.0073054003997,242,1999,0,20261005,15,0.1215,False
pbmc3k,GLM-PCA,label_neighbor_recall,1000,0,annotation_unrestricted,upper,0.8542,0.55,True,0.258645389361,0.00427774628544,0.250863333333,0.252133333333,0.266,0.2672,0.595554610639,0.0005,0.000499874984371,0,1999,0,20261005,15,0.0005,True
pbmc3k,scScope,local_retention,1000,5000,geometry_unrestricted,upper,0.0782666666667,0.3,False,0.0150209771552,0.00105575108093,0.013,0.0132666666667,0.0167333333333,0.01707,0.0632456895114,0.0005,0.000499874984371,0,1999,0,20261005,15,0.0005,True
pbmc3k,scScope,trustworthiness,1000,5000,geometry_unrestricted,upper,0.754793244626,0.9,False,0.503521462198,0.00288139829268,0.497966158308,0.498774070283,0.508123889458,0.509015400887,0.251271782428,0.0005,0.000499874984371,0,1999,0,20261005,15,0.0005,True
pbmc3k,scScope,global_rank_corr,1000,5000,geometry_unrestricted,upper,0.273880940504,0.45,False,-0.000254675418189,0.0164803194135,-0.0321627961793,-0.0263743821861,0.0275366529478,0.0325343562507,0.274135615923,0.0005,0.000499874984371,0,1999,0,20261005,15,0.0005,True
pbmc3k,scScope,local_retention,1000,5000,geometry_within_annotation,upper,0.0782666666667,0.3,False,0.0566667333667,0.00219033884284,0.0524666666667,0.0531333333333,0.0603333333333,0.0612,0.0215999333,0.0005,0.000499874984371,0,1999,0,20261005,15,0.000519230769231,True
pbmc3k,scScope,trustworthiness,1000,5000,geometry_within_annotation,upper,0.754793244626,0.9,False,0.706719192076,0.0026295662029,0.701792436029,0.702518880928,0.711006564313,0.711819570113,0.04807405255,0.0005,0.000499874984371,0,1999,0,20261005,15,0.000519230769231,True
pbmc3k,scScope,global_rank_corr,1000,5000,geometry_within_annotation,upper,0.273880940504,0.45,False,0.229716049421,0.0137617701355,0.204301299834,0.207521740932,0.253245969676,0.257876144327,0.0441648910835,0.001,0.000706753139363,1,1999,0,20261005,15,0.0010253164557,True
pbmc3k,scScope,label_neighbor_recall,1000,0,annotation_unrestricted,upper,0.6888,0.55,True,0.258471802568,0.0043671843639,0.2506,0.2516,0.2658,0.267136666667,0.430328197432,0.0005,0.000499874984371,0,1999,0,20261005,15,0.0005,True
pbmc3k,SAUCIE,local_retention,1000,5000,geometry_unrestricted,upper,0.1512,0.3,False,0.0150249791562,0.00109853580389,0.0129333333333,0.0132666666667,0.0168,0.0172666666667,0.136175020844,0.0005,0.000499874984371,0,1999,0,20261005,15,0.0005,True
pbmc3k,SAUCIE,trustworthiness,1000,5000,geometry_unrestricted,upper,0.84607151143,0.9,False,0.503547134366,0.00296305953681,0.497725329239,0.498783350392,0.508343411805,0.509332470147,0.342524377064,0.0005,0.000499874984371,0,1999,0,20261005,15,0.0005,True
pbmc3k,SAUCIE,global_rank_corr,1000,5000,geometry_unrestricted,upper,0.659624088663,0.45,True,0.000542327770778,0.0215633498273,-0.0404702273999,-0.0351675243613,0.0357973449345,0.0414709429422,0.659081760892,0.0005,0.000499874984371,0,1999,0,20261005,15,0.0005,True
pbmc3k,SAUCIE,local_retention,1000,5000,geometry_within_annotation,upper,0.1512,0.3,False,0.0706660997165,0.00228588530268,0.0662,0.0669333333333,0.0744,0.0749333333333,0.0805339002835,0.0005,0.000499874984371,0,1999,0,20261005,15,0.000519230769231,True
pbmc3k,SAUCIE,trustworthiness,1000,5000,geometry_within_annotation,upper,0.84607151143,0.9,False,0.770796671041,0.00220621163577,0.766276717844,0.767172500853,0.774425922893,0.775129419993,0.0752748403885,0.0005,0.000499874984371,0,1999,0,20261005,15,0.000519230769231,True
pbmc3k,SAUCIE,global_rank_corr,1000,5000,geometry_within_annotation,upper,0.659624088663,0.45,True,0.507631205316,0.00802597744735,0.492022807142,0.494236355568,0.520522503065,0.522773228784,0.151992883347,0.0005,0.000499874984371,0,1999,0,20261005,15,0.000519230769231,True
pbmc3k,SAUCIE,label_neighbor_recall,1000,0,annotation_unrestricted,upper,0.890533333333,0.55,True,0.258632783058,0.00443457402811,0.250196666667,0.251333333333,0.266006666667,0.26714,0.631900550275,0.0005,0.000499874984371,0,1999,0,20261005,15,0.0005,True
pbmc3k,UMAP,local_retention,1000,5000,geometry_unrestricted,upper,0.1934,0.3,False,0.0150030682008,0.00106405854595,0.0129333333333,0.0133266666667,0.0168666666667,0.0171333333333,0.178396931799,0.0005,0.000499874984371,0,1999,0,20261005,15,0.0005,True
pbmc3k,UMAP,trustworthiness,1000,5000,geometry_unrestricted,upper,0.859265711361,0.9,False,0.50345130839,0.0028714909695,0.498159205049,0.498930146708,0.508180116001,0.509179147049,0.355814402971,0.0005,0.000499874984371,0,1999,0,20261005,15,0.0005,True
pbmc3k,UMAP,global_rank_corr,1000,5000,geometry_unrestricted,upper,0.537102281288,0.45,True,0.0001228798972,0.0173684460909,-0.0337894113282,-0.0287244826546,0.0279336503274,0.0336034377157,0.536979401391,0.0005,0.000499874984371,0,1999,0,20261005,15,0.0005,True
pbmc3k,UMAP,local_retention,1000,5000,geometry_within_annotation,upper,0.1934,0.3,False,0.0763730865433,0.0023168334162,0.0719333333333,0.0726,0.0805333333333,0.0812,0.117026913457,0.0005,0.000499874984371,0,1999,0,20261005,15,0.000519230769231,True
pbmc3k,UMAP,trustworthiness,1000,5000,geometry_within_annotation,upper,0.859265711361,0.9,False,0.777275437139,0.0020696815993,0.773149723644,0.773837297851,0.780697816445,0.781343029683,0.0819902742227,0.0005,0.000499874984371,0,1999,0,20261005,15,0.000519230769231,True
pbmc3k,UMAP,global_rank_corr,1000,5000,geometry_within_annotation,upper,0.537102281288,0.45,True,0.496572344585,0.00489438134163,0.487035712257,0.488436108806,0.504725246536,0.506129277655,0.040529936703,0.0005,0.000499874984371,0,1999,0,20261005,15,0.000519230769231,True
pbmc3k,UMAP,label_neighbor_recall,1000,0,annotation_unrestricted,upper,0.9118,0.55,True,0.258699383025,0.00443237991629,0.250666666667,0.2518,0.266133333333,0.267933333333,0.653100616975,0.0005,0.000499874984371,0,1999,0,20261005,15,0.0005,True
pbmc3k,PHATE,local_retention,1000,5000,geometry_unrestricted,upper,0.156266666667,0.3,False,0.0150511922628,0.00108193968328,0.013,0.0132666666667,0.0168,0.0172666666667,0.141215474404,0.0005,0.000499874984371,0,1999,0,20261005,15,0.0005,True
pbmc3k,PHATE,trustworthiness,1000,5000,geometry_unrestricted,upper,0.834757147731,0.9,False,0.503307449016,0.00288977272821,0.497841235073,0.498617168202,0.508154486523,0.509032613443,0.331449698715,0.0005,0.000499874984371,0,1999,0,20261005,15,0.0005,True
pbmc3k,PHATE,global_rank_corr,1000,5000,geometry_unrestricted,upper,0.562182537878,0.45,True,-0.000272422888018,0.0193204645562,-0.0375858739974,-0.0328451093435,0.0306448953997,0.0370563106826,0.562454960766,0.0005,0.000499874984371,0,1999,0,20261005,15,0.0005,True
pbmc3k,PHATE,local_retention,1000,5000,geometry_within_annotation,upper,0.156266666667,0.3,False,0.0770932799733,0.00226857043779,0.07273,0.0733933333333,0.0808,0.0816666666667,0.0791733866933,0.0005,0.000499874984371,0,1999,0,20261005,15,0.000519230769231,True
pbmc3k,PHATE,trustworthiness,1000,5000,geometry_within_annotation,upper,0.834757147731,0.9,False,0.778349665723,0.00216986310864,0.774094281815,0.77476731491,0.781926113954,0.782609617878,0.0564074820078,0.0005,0.000499874984371,0,1999,0,20261005,15,0.000519230769231,True
pbmc3k,PHATE,global_rank_corr,1000,5000,geometry_within_annotation,upper,0.562182537878,0.45,True,0.510919861892,0.00464823247287,0.502038398075,0.503144831706,0.518643587906,0.520057750419,0.0512626759863,0.0005,0.000499874984371,0,1999,0,20261005,15,0.000519230769231,True
pbmc3k,PHATE,label_neighbor_recall,1000,0,annotation_unrestricted,upper,0.915733333333,0.55,True,0.258570752043,0.00441935768792,0.2502,0.251333333333,0.266066666667,0.267666666667,0.657162581291,0.0005,0.000499874984371,0,1999,0,20261005,15,0.0005,True
pbmc3k,t-SNE,local_retention,1000,5000,geometry_unrestricted,upper,0.243133333333,0.3,False,0.0150109054527,0.00113010542377,0.0128666666667,0.0132,0.0169333333333,0.0173333333333,0.228122427881,0.0005,0.000499874984371,0,1999,0,20261005,15,0.0005,True
pbmc3k,t-SNE,trustworthiness,1000,5000,geometry_unrestricted,upper,0.875896076424,0.9,False,0.503468346763,0.00295146938225,0.497888130331,0.498727055612,0.508591702491,0.509466550665,0.372427729661,0.0005,0.000499874984371,0,1999,0,20261005,15,0.0005,True
pbmc3k,t-SNE,global_rank_corr,1000,5000,geometry_unrestricted,upper,0.596655134569,0.45,True,-0.000512781050292,0.0191476408275,-0.036727297645,-0.031595979055,0.0313768460668,0.0373939465654,0.597167915619,0.0005,0.000499874984371,0,1999,0,20261005,15,0.0005,True
pbmc3k,t-SNE,local_retention,1000,5000,geometry_within_annotation,upper,0.243133333333,0.3,False,0.0772653993663,0.0022175583078,0.0729333333333,0.0735333333333,0.0809333333333,0.0818666666667,0.165867933967,0.0005,0.000499874984371,0,1999,0,20261005,15,0.000519230769231,True
pbmc3k,t-SNE,trustworthiness,1000,5000,geometry_within_annotation,upper,0.875896076424,0.9,False,0.775942060249,0.00207616208279,0.771989324463,0.772580225179,0.77944569089,0.780088092801,0.0999540161756,0.0005,0.000499874984371,0,1999,0,20261005,15,0.000519230769231,True
pbmc3k,t-SNE,global_rank_corr,1000,5000,geometry_within_annotation,upper,0.596655134569,0.45,True,0.510681963725,0.00676355330851,0.497345602036,0.499519627275,0.521397633994,0.523775449698,0.0859731708434,0.0005,0.000499874984371,0,1999,0,20261005,15,0.000519230769231,True
pbmc3k,t-SNE,label_neighbor_recall,1000,0,annotation_unrestricted,upper,0.906933333333,0.55,True,0.258698882775,0.00434148438711,0.25013,0.2516,0.26594,0.267403333333,0.648234450559,0.0005,0.000499874984371,0,1999,0,20261005,15,0.0005,True
pbmc3k,PaCMAP,local_retention,1000,5000,geometry_unrestricted,upper,0.193866666667,0.3,False,0.0150382524596,0.00108164622249,0.0129966666667,0.0133333333333,0.0168666666667,0.0172666666667,0.178828414207,0.0005,0.000499874984371,0,1999,0,20261005,15,0.0005,True
pbmc3k,PaCMAP,trustworthiness,1000,5000,geometry_unrestricted,upper,0.870823132037,0.9,False,0.503512908723,0.0030532329158,0.497569959058,0.498498723985,0.508520177414,0.509351095189,0.367310223314,0.0005,0.000499874984371,0,1999,0,20261005,15,0.0005,True
pbmc3k,PaCMAP,global_rank_corr,1000,5000,geometry_unrestricted,upper,0.652086873471,0.45,True,0.000243742679176,0.0185583392507,-0.0357494812237,-0.0299341812198,0.0314377410293,0.0380380251793,0.651843130792,0.0005,0.000499874984371,0,1999,0,20261005,15,0.0005,True
pbmc3k,PaCMAP,local_retention,1000,5000,geometry_within_annotation,upper,0.193866666667,0.3,False,0.0754968484242,0.0023640248912,0.071,0.0716666666667,0.0794666666667,0.0802033333333,0.118369818242,0.0005,0.000499874984371,0,1999,0,20261005,15,0.000519230769231,True
pbmc3k,PaCMAP,trustworthiness,1000,5000,geometry_within_annotation,upper,0.870823132037,0.9,False,0.772817829181,0.0021779356613,0.768689798704,0.769293101331,0.776485909246,0.777251374957,0.0980053028561,0.0005,0.000499874984371,0,1999,0,20261005,15,0.000519230769231,True
pbmc3k,PaCMAP,global_rank_corr,1000,5000,geometry_within_annotation,upper,0.652086873471,0.45,True,0.527654899157,0.00661668520506,0.515165972805,0.517084113557,0.538453106492,0.540654651203,0.124431974314,0.0005,0.000499874984371,0,1999,0,20261005,15,0.000519230769231,True
pbmc3k,PaCMAP,label_neighbor_recall,1000,0,annotation_unrestricted,upper,0.901533333333,0.55,True,0.258605969651,0.00438276646787,0.250466666667,0.251666666667,0.266006666667,0.2678,0.642927363682,0.0005,0.000499874984371,0,1999,0,20261005,15,0.0005,True
pbmc3k,scVI,local_retention,1000,5000,geometry_unrestricted,upper,0.0906,0.3,False,0.0149786893447,0.0010965377991,0.01293,0.0132,0.0168,0.0171333333333,0.0756213106553,0.0005,0.000499874984371,0,1999,0,20261005,15,0.0005,True
pbmc3k,scVI,trustworthiness,1000,5000,geometry_unrestricted,upper,0.797954418287,0.9,False,0.503367683774,0.00295763407337,0.497711774139,0.498471914023,0.508250317298,0.509367850563,0.294586734514,0.0005,0.000499874984371,0,1999,0,20261005,15,0.0005,True
pbmc3k,scVI,global_rank_corr,1000,5000,geometry_unrestricted,upper,0.482391883247,0.45,True,-0.000146791894764,0.0192440697805,-0.0370064855046,-0.0318613219524,0.0316308049765,0.0386995732403,0.482538675142,0.0005,0.000499874984371,0,1999,0,20261005,15,0.0005,True
pbmc3k,scVI,local_retention,1000,5000,geometry_within_annotation,upper,0.0906,0.3,False,0.0684445556111,0.00218704139222,0.0641333333333,0.0648,0.0719333333333,0.0727333333333,0.0221554443889,0.0005,0.000499874984371,0,1999,0,20261005,15,0.000519230769231,True
pbmc3k,scVI,trustworthiness,1000,5000,geometry_within_annotation,upper,0.797954418287,0.9,False,0.765251942211,0.00227246555051,0.760911467076,0.761732569089,0.769147649266,0.769818850222,0.032702476076,0.0005,0.000499874984371,0,1999,0,20261005,15,0.000519230769231,True
pbmc3k,scVI,global_rank_corr,1000,5000,geometry_within_annotation,upper,0.482391883247,0.45,True,0.467139210122,0.00959241656545,0.447994483964,0.451445883345,0.482996416085,0.48553396078,0.0152526731255,0.0575,0.00520546587733,114,1999,0,20261005,15,0.05821875,False
pbmc3k,scVI,label_neighbor_recall,1000,0,annotation_unrestricted,upper,0.843533333333,0.55,True,0.258510521928,0.00436664538706,0.250263333333,0.2514,0.265733333333,0.267266666667,0.585022811406,0.0005,0.000499874984371,0,1999,0,20261005,15,0.0005,True
paul15,PCA,local_retention,1000,5000,geometry_unrestricted,upper,0.1652,0.3,False,0.0149834583959,0.00110270184202,0.0129333333333,0.0132,0.0168666666667,0.0172,0.150216541604,0.0005,0.000499874984371,0,1999,0,20261005,15,0.0005,True
paul15,PCA,trustworthiness,1000,5000,geometry_unrestricted,upper,0.859699897646,0.9,False,0.503440825121,0.0029553549908,0.497984776527,0.498616697373,0.508412528147,0.50912007506,0.356259072525,0.0005,0.000499874984371,0,1999,0,20261005,15,0.0005,True
paul15,PCA,global_rank_corr,1000,5000,geometry_unrestricted,upper,0.709585948651,0.45,True,0.000241388744863,0.016060568641,-0.0312118527655,-0.0252017982112,0.0264923106358,0.0319841669943,0.709344559906,0.0005,0.000499874984371,0,1999,0,20261005,15,0.0005,True
paul15,PCA,local_retention,1000,5000,geometry_within_annotation,upper,0.1652,0.3,False,0.0522532933133,0.00210907259425,0.0482,0.0488,0.0558,0.0564666666667,0.112946706687,0.0005,0.000499874984371,0,1999,0,20261005,15,0.000519230769231,True
paul15,PCA,trustworthiness,1000,5000,geometry_within_annotation,upper,0.859699897646,0.9,False,0.757765393888,0.00247383902407,0.753052388263,0.753759467758,0.761978642102,0.762749515524,0.101934503758,0.0005,0.000499874984371,0,1999,0,20261005,15,0.000519230769231,True
paul15,PCA,global_rank_corr,1000,5000,geometry_within_annotation,upper,0.709585948651,0.45,True,0.553944655549,0.00785155273474,0.538123169157,0.540768199475,0.566567175618,0.569421117001,0.155641293102,0.0005,0.000499874984371,0,1999,0,20261005,15,0.000519230769231,True
paul15,PCA,label_neighbor_recall,1000,0,annotation_unrestricted,upper,0.338,0.55,False,0.0805915290979,0.0029662513256,0.0748633333333,0.0759266666667,0.0854733333333,0.08647,0.257408470902,0.0005,0.000499874984371,0,1999,0,20261005,15,0.0005,True
paul15,GLM-PCA,local_retention,1000,5000,geometry_unrestricted,upper,0.119266666667,0.3,False,0.0150111722528,0.00112265163831,0.0129333333333,0.0133266666667,0.01694,0.0173366666667,0.104255494414,0.0005,0.000499874984371,0,1999,0,20261005,15,0.0005,True
paul15,GLM-PCA,trustworthiness,1000,5000,geometry_unrestricted,upper,0.834979119754,0.9,False,0.503373933401,0.00305411967734,0.497526178779,0.498330092119,0.508354506994,0.509251102013,0.331605186353,0.0005,0.000499874984371,0,1999,0,20261005,15,0.0005,True
paul15,GLM-PCA,global_rank_corr,1000,5000,geometry_unrestricted,upper,0.65514443011,0.45,True,0.000337443770526,0.0158529214277,-0.0310593461896,-0.0261059263158,0.0261452070502,0.0311039206283,0.654806986339,0.0005,0.000499874984371,0,1999,0,20261005,15,0.0005,True
paul15,GLM-PCA,local_retention,1000,5000,geometry_within_annotation,upper,0.119266666667,0.3,False,0.0691499082875,0.0022282088698,0.0648,0.0654666666667,0.0728666666667,0.0736666666667,0.0501167583792,0.0005,0.000499874984371,0,1999,0,20261005,15,0.000519230769231,True
paul15,GLM-PCA,trustworthiness,1000,5000,geometry_within_annotation,upper,0.834979119754,0.9,False,0.784692101868,0.0021834313309,0.780398737632,0.781093585807,0.788329266462,0.788947215967,0.0502870178863,0.0005,0.000499874984371,0,1999,0,20261005,15,0.000519230769231,True
paul15,GLM-PCA,global_rank_corr,1000,5000,geometry_within_annotation,upper,0.65514443011,0.45,True,0.578161262925,0.00564889023027,0.566960862135,0.568967033695,0.587395560803,0.588961024564,0.0769831671851,0.0005,0.000499874984371,0,1999,0,20261005,15,0.000519230769231,True
paul15,GLM-PCA,label_neighbor_recall,1000,0,annotation_unrestricted,upper,0.520933333333,0.55,False,0.080468100717,0.00283562041397,0.0752,0.0759333333333,0.0851333333333,0.0861366666667,0.440465232616,0.0005,0.000499874984371,0,1999,0,20261005,15,0.0005,True
paul15,scScope,local_retention,1000,5000,geometry_unrestricted,upper,0.123333333333,0.3,False,0.0149576454894,0.00110218955457,0.0128666666667,0.0132,0.0168,0.0172,0.108375687844,0.0005,0.000499874984371,0,1999,0,20261005,15,0.0005,True
paul15,scScope,trustworthiness,1000,5000,geometry_unrestricted,upper,0.837920573183,0.9,False,0.503373138019,0.00299625014628,0.497442784033,0.498251866257,0.508350242238,0.50931621972,0.334547435164,0.0005,0.000499874984371,0,1999,0,20261005,15,0.0005,True
paul15,scScope,global_rank_corr,1000,5000,geometry_unrestricted,upper,0.557843264354,0.45,True,0.000132548422343,0.0163058882546,-0.0322144068662,-0.026337901407,0.0270349762806,0.0329406471315,0.557710715932,0.0005,0.000499874984371,0,1999,0,20261005,15,0.0005,True
paul15,scScope,local_retention,1000,5000,geometry_within_annotation,upper,0.123333333333,0.3,False,0.0706266133067,0.00229939832392,0.0662666666667,0.0668666666667,0.0744,0.0752033333333,0.0527067200267,0.0005,0.000499874984371,0,1999,0,20261005,15,0.000519230769231,True
paul15,scScope,trustworthiness,1000,5000,geometry_within_annotation,upper,0.837920573183,0.9,False,0.781467532197,0.0023442288688,0.776826035483,0.777662927329,0.785447014671,0.786128338451,0.0564530409865,0.0005,0.000499874984371,0,1999,0,20261005,15,0.000519230769231,True
paul15,scScope,global_rank_corr,1000,5000,geometry_within_annotation,upper,0.557843264354,0.45,True,0.533161718138,0.00563953929556,0.521911463691,0.524177880999,0.542084144009,0.544159504615,0.0246815462158,0.0005,0.000499874984371,0,1999,0,20261005,15,0.000519230769231,True
paul15,scScope,label_neighbor_recall,1000,0,annotation_unrestricted,upper,0.5568,0.55,True,0.0806012339503,0.00296495090287,0.0751333333333,0.0757333333333,0.0855333333333,0.0864,0.47619876605,0.0005,0.000499874984371,0,1999,0,20261005,15,0.0005,True
paul15,SAUCIE,local_retention,1000,5000,geometry_unrestricted,upper,0.195933333333,0.3,False,0.0149449724862,0.00115327995409,0.0127333333333,0.0130666666667,0.0168666666667,0.0171333333333,0.180988360847,0.0005,0.000499874984371,0,1999,0,20261005,15,0.0005,True
paul15,SAUCIE,trustworthiness,1000,5000,geometry_unrestricted,upper,0.87365943364,0.9,False,0.503482573597,0.00302034173622,0.497665353122,0.498617318321,0.508444585466,0.509682221085,0.370176860044,0.0005,0.000499874984371,0,1999,0,20261005,15,0.0005,True
paul15,SAUCIE,global_rank_corr,1000,5000,geometry_unrestricted,upper,0.589605798117,0.45,True,0.000357834881453,0.0173258466637,-0.0337034122399,-0.028349515519,0.028730897874,0.034026306266,0.589247963236,0.0005,0.000499874984371,0,1999,0,20261005,15,0.0005,True
paul15,SAUCIE,local_retention,1000,5000,geometry_within_annotation,upper,0.195933333333,0.3,False,0.061739969985,0.00224067672023,0.0574,0.058,0.0654,0.0662,0.134193363348,0.0005,0.000499874984371,0,1999,0,20261005,15,0.000519230769231,True
paul15,SAUCIE,trustworthiness,1000,5000,geometry_within_annotation,upper,0.87365943364,0.9,False,0.770803462086,0.00232635342577,0.766331033777,0.767018880928,0.774543350392,0.775358969635,0.102855971555,0.0005,0.000499874984371,0,1999,0,20261005,15,0.000519230769231,True
paul15,SAUCIE,global_rank_corr,1000,5000,geometry_within_annotation,upper,0.589605798117,0.45,True,0.463790390347,0.0078128963859,0.447861625483,0.450562570259,0.476262392856,0.479101935338,0.12581540777,0.0005,0.000499874984371,0,1999,0,20261005,15,0.000519230769231,True
paul15,SAUCIE,label_neighbor_recall,1000,0,annotation_unrestricted,upper,0.466666666667,0.55,False,0.080516058029,0.00291074804256,0.0751333333333,0.0759266666667,0.0853333333333,0.0864033333333,0.386150608638,0.0005,0.000499874984371,0,1999,0,20261005,15,0.0005,True
paul15,UMAP,local_retention,1000,5000,geometry_unrestricted,upper,0.2784,0.3,False,0.015004102051,0.00115491765688,0.0128,0.0131266666667,0.0168666666667,0.0173333333333,0.263395897949,0.0005,0.000499874984371,0,1999,0,20261005,15,0.0005,True
paul15,UMAP,trustworthiness,1000,5000,geometry_unrestricted,upper,0.906582190379,0.9,True,0.503336238505,0.00294382783523,0.497729477994,0.498517188673,0.508269368816,0.509359051518,0.403245951874,0.0005,0.000499874984371,0,1999,0,20261005,15,0.0005,True
paul15,UMAP,global_rank_corr,1000,5000,geometry_unrestricted,upper,0.644722422958,0.45,True,-0.000361897070235,0.0157428291186,-0.0309721010356,-0.0266544351257,0.0263806086215,0.0313406777581,0.645084320029,0.0005,0.000499874984371,0,1999,0,20261005,15,0.0005,True
paul15,UMAP,local_retention,1000,5000,geometry_within_annotation,upper,0.2784,0.3,False,0.0699435050859,0.00236049233568,0.0653333333333,0.0661266666667,0.0738666666667,0.0745333333333,0.208456494914,0.0005,0.000499874984371,0,1999,0,20261005,15,0.000519230769231,True
paul15,UMAP,trustworthiness,1000,5000,geometry_within_annotation,upper,0.906582190379,0.9,True,0.784595006852,0.00251347425284,0.779764240873,0.780584831116,0.788806898669,0.789678973047,0.121987183527,0.0005,0.000499874984371,0,1999,0,20261005,15,0.000519230769231,True
paul15,UMAP,global_rank_corr,1000,5000,geometry_within_annotation,upper,0.644722422958,0.45,True,0.540256949951,0.00597536968294,0.52888138785,0.530482339327,0.549966078127,0.55195143753,0.104465473008,0.0005,0.000499874984371,0,1999,0,20261005,15,0.000519230769231,True
paul15,UMAP,label_neighbor_recall,1000,0,annotation_unrestricted,upper,0.463133333333,0.55,False,0.0805781557445,0.00295195064919,0.0749333333333,0.0758666666667,0.0856,0.0866666666667,0.382555177589,0.0005,0.000499874984371,0,1999,0,20261005,15,0.0005,True
paul15,PHATE,local_retention,1000,5000,geometry_unrestricted,upper,0.147733333333,0.3,False,0.0150435551109,0.00113362844828,0.0128666666667,0.0132,0.0169333333333,0.0172666666667,0.132689778222,0.0005,0.000499874984371,0,1999,0,20261005,15,0.0005,True
paul15,PHATE,trustworthiness,1000,5000,geometry_unrestricted,upper,0.848077243262,0.9,False,0.503353924147,0.00298050309637,0.497834186285,0.49870255203,0.508447813033,0.509348990106,0.344723319114,0.0005,0.000499874984371,0,1999,0,20261005,15,0.0005,True
paul15,PHATE,global_rank_corr,1000,5000,geometry_unrestricted,upper,0.600844355862,0.45,True,-5.64492109809e-05,0.0155794306548,-0.0302819581158,-0.0258155352414,0.0264243634746,0.0309185612142,0.600900805073,0.0005,0.000499874984371,0,1999,0,20261005,15,0.0005,True
paul15,PHATE,local_retention,1000,5000,geometry_within_annotation,upper,0.147733333333,0.3,False,0.0592781390695,0.00214229993463,0.0550666666667,0.0558,0.0627333333333,0.0634666666667,0.0884551942638,0.0005,0.000499874984371,0,1999,0,20261005,15,0.000519230769231,True
paul15,PHATE,trustworthiness,1000,5000,geometry_within_annotation,upper,0.848077243262,0.9,False,0.766319896455,0.00244873069547,0.761490634596,0.762365540771,0.770250255885,0.771063302627,0.0817573468071,0.0005,0.000499874984371,0,1999,0,20261005,15,0.000519230769231,True
paul15,PHATE,global_rank_corr,1000,5000,geometry_within_annotation,upper,0.600844355862,0.45,True,0.509628964749,0.00567005370991,0.498837890518,0.500747925946,0.518927105207,0.520950570582,0.0912153911133,0.0005,0.000499874984371,0,1999,0,20261005,15,0.000519230769231,True
paul15,PHATE,label_neighbor_recall,1000,0,annotation_unrestricted,upper,0.343266666667,0.55,False,0.0805808237452,0.0028721256946,0.0751966666667,0.0759333333333,0.0853333333333,0.0862666666667,0.262685842921,0.0005,0.000499874984371,0,1999,0,20261005,15,0.0005,True
paul15,t-SNE,local_retention,1000,5000,geometry_unrestricted,upper,0.324933333333,0.3,True,0.0150060030015,0.00113577412091,0.0128666666667,0.0131333333333,0.0168733333333,0.0172,0.309927330332,0.0005,0.000499874984371,0,1999,0,20261005,15,0.0005,True
paul15,t-SNE,trustworthiness,1000,5000,geometry_unrestricted,upper,0.921238758103,0.9,True,0.503425828199,0.00291219764378,0.498033541453,0.498910617537,0.508143698396,0.509137045377,0.417812929904,0.0005,0.000499874984371,0,1999,0,20261005,15,0.0005,True
paul15,t-SNE,global_rank_corr,1000,5000,geometry_unrestricted,upper,0.632735590782,0.45,True,0.000314943230621,0.0155286638952,-0.0297576635885,-0.0247459142179,0.0262704547802,0.0318077584574,0.632420647552,0.0005,0.000499874984371,0,1999,0,20261005,15,0.0005,True
paul15,t-SNE,local_retention,1000,5000,geometry_within_annotation,upper,0.324933333333,0.3,True,0.070492146073,0.00242200181106,0.0658666666667,0.0666,0.0744666666667,0.0752666666667,0.25444118726,0.0005,0.000499874984371,0,1999,0,20261005,15,0.000519230769231,True
paul15,t-SNE,trustworthiness,1000,5000,geometry_within_annotation,upper,0.921238758103,0.9,True,0.785663056332,0.00253567685028,0.780801255544,0.781582920505,0.789955032412,0.790752371204,0.135575701771,0.0005,0.000499874984371,0,1999,0,20261005,15,0.000519230769231,True
paul15,t-SNE,global_rank_corr,1000,5000,geometry_within_annotation,upper,0.632735590782,0.45,True,0.531163896735,0.00610162204661,0.519061697861,0.521039755714,0.54120882709,0.542824726733,0.101571694048,0.0005,0.000499874984371,0,1999,0,20261005,15,0.000519230769231,True
paul15,t-SNE,label_neighbor_recall,1000,0,annotation_unrestricted,upper,0.470266666667,0.55,False,0.0805469734867,0.00297939810608,0.0748,0.0757333333333,0.0856,0.0864033333333,0.38971969318,0.0005,0.000499874984371,0,1999,0,20261005,15,0.0005,True
paul15,PaCMAP,local_retention,1000,5000,geometry_unrestricted,upper,0.268,0.3,False,0.015012106053,0.00110446569541,0.0128666666667,0.0132,0.0168733333333,0.0172,0.252987893947,0.0005,0.000499874984371,0,1999,0,20261005,15,0.0005,True
paul15,PaCMAP,trustworthiness,1000,5000,geometry_unrestricted,upper,0.905025793245,0.9,True,0.503519091275,0.00296237537774,0.497825858069,0.498628584101,0.508477168202,0.509252330263,0.401506701969,0.0005,0.000499874984371,0,1999,0,20261005,15,0.0005,True
paul15,PaCMAP,global_rank_corr,1000,5000,geometry_unrestricted,upper,0.688991093431,0.45,True,-0.00101011705914,0.0165656333264,-0.0332949757637,-0.0279539748051,0.0268342998787,0.0316876236108,0.69000121049,0.0005,0.000499874984371,0,1999,0,20261005,15,0.0005,True
paul15,PaCMAP,local_retention,1000,5000,geometry_within_annotation,upper,0.268,0.3,False,0.0723597131899,0.00242229569045,0.0677333333333,0.0684,0.0764666666667,0.0771366666667,0.19564028681,0.0005,0.000499874984371,0,1999,0,20261005,15,0.000519230769231,True
paul15,PaCMAP,trustworthiness,1000,5000,geometry_within_annotation,upper,0.905025793245,0.9,True,0.787850972501,0.00252300196299,0.783044622996,0.783825786421,0.792036151484,0.792694585466,0.117174820744,0.0005,0.000499874984371,0,1999,0,20261005,15,0.000519230769231,True
paul15,PaCMAP,global_rank_corr,1000,5000,geometry_within_annotation,upper,0.688991093431,0.45,True,0.611281818349,0.00495412694824,0.601825949413,0.60311884355,0.619273842385,0.620988029827,0.0777092750813,0.0005,0.000499874984371,0,1999,0,20261005,15,0.000519230769231,True
paul15,PaCMAP,label_neighbor_recall,1000,0,annotation_unrestricted,upper,0.491933333333,0.55,False,0.0805728197432,0.00305572489161,0.0746666666667,0.0756,0.0856,0.0864666666667,0.41136051359,0.0005,0.000499874984371,0,1999,0,20261005,15,0.0005,True
paul15,scVI,local_retention,1000,5000,geometry_unrestricted,upper,0.166533333333,0.3,False,0.0150073370018,0.00112114566733,0.0128666666667,0.0132,0.0168733333333,0.0172666666667,0.151525996331,0.0005,0.000499874984371,0,1999,0,20261005,15,0.0005,True
paul15,scVI,trustworthiness,1000,5000,geometry_unrestricted,upper,0.859735039236,0.9,False,0.503496734823,0.00308670864385,0.497704568407,0.498456137837,0.508596799727,0.509819191402,0.356238304413,0.0005,0.000499874984371,0,1999,0,20261005,15,0.0005,True
paul15,scVI,global_rank_corr,1000,5000,geometry_unrestricted,upper,0.572776061132,0.45,True,-3.27546622622e-05,0.0149150379244,-0.0287423479961,-0.0242641678235,0.0246168146797,0.0300676443854,0.572808815795,0.0005,0.000499874984371,0,1999,0,20261005,15,0.0005,True
paul15,scVI,local_retention,1000,5000,geometry_within_annotation,upper,0.166533333333,0.3,False,0.0695421043855,0.00243712727676,0.0650666666667,0.0657933333333,0.0736733333333,0.0748,0.0969912289478,0.0005,0.000499874984371,0,1999,0,20261005,15,0.000519230769231,True
paul15,scVI,trustworthiness,1000,5000,geometry_within_annotation,upper,0.859735039236,0.9,False,0.784363328235,0.00228768618878,0.779833974753,0.780583186626,0.788154425111,0.78887695667,0.0753717110005,0.0005,0.000499874984371,0,1999,0,20261005,15,0.000519230769231,True
paul15,scVI,global_rank_corr,1000,5000,geometry_within_annotation,upper,0.572776061132,0.45,True,0.546205375036,0.0056676321908,0.534873372991,0.536861231278,0.555445068066,0.557131116338,0.0265706860965,0.0005,0.000499874984371,0,1999,0,20261005,15,0.000519230769231,True
paul15,scVI,label_neighbor_recall,1000,0,annotation_unrestricted,upper,0.527,0.55,False,0.0804495581124,0.00300655471585,0.0749333333333,0.0755333333333,0.0853333333333,0.0865333333333,0.446550441888,0.0005,0.000499874984371,0,1999,0,20261005,15,0.0005,True
heart_cell_atlas_subsampled,PCA,local_retention,1000,5000,geometry_unrestricted,upper,0.1942,0.3,False,0.0149635150909,0.00118123398173,0.0128,0.0131333333333,0.0169333333333,0.01727,0.179236484909,0.0005,0.000499874984371,0,1999,0,20261005,15,0.0005,True
heart_cell_atlas_subsampled,PCA,trustworthiness,1000,5000,geometry_unrestricted,upper,0.821704401228,0.9,False,0.503354547489,0.0030436737374,0.497222712385,0.498406891846,0.508369013988,0.509168215626,0.31834985374,0.0005,0.000499874984371,0,1999,0,20261005,15,0.0005,True
heart_cell_atlas_subsampled,PCA,global_rank_corr,1000,5000,geometry_unrestricted,upper,0.720105574079,0.45,True,-0.000964021810908,0.0267733555456,-0.0540061129138,-0.0452612142159,0.0427297414391,0.0523727488878,0.72106959589,0.0005,0.000499874984371,0,1999,0,20261005,15,0.0005,True
heart_cell_atlas_subsampled,PCA,local_retention,1000,5000,geometry_within_annotation,upper,0.1942,0.3,False,0.0716014340504,0.00226712692094,0.0672666666667,0.0679333333333,0.07534,0.0758666666667,0.12259856595,0.0005,0.000499874984371,0,1999,0,20261005,15,0.000519230769231,True
heart_cell_atlas_subsampled,PCA,trustworthiness,1000,5000,geometry_within_annotation,upper,0.821704401228,0.9,False,0.687365955001,0.00273447019171,0.682251163425,0.682972780621,0.691903807574,0.692683606278,0.134338446228,0.0005,0.000499874984371,0,1999,0,20261005,15,0.000519230769231,True
heart_cell_atlas_subsampled,PCA,global_rank_corr,1000,5000,geometry_within_annotation,upper,0.720105574079,0.45,True,0.548799105964,0.0114396089011,0.525737526589,0.530218152116,0.56769297282,0.571079889478,0.171306468115,0.0005,0.000499874984371,0,1999,0,20261005,15,0.000519230769231,True
heart_cell_atlas_subsampled,PCA,label_neighbor_recall,1000,0,annotation_unrestricted,upper,0.698333333333,0.55,True,0.175113923628,0.00400863059381,0.167263333333,0.168466666667,0.181666666667,0.1828,0.523219409705,0.0005,0.000499874984371,0,1999,0,20261005,15,0.0005,True
heart_cell_atlas_subsampled,PCA,label_neighbor_recall,1000,0,annotation_within_donor,upper,0.698333333333,0.55,True,0.211151609138,0.00548379150245,0.200866666667,0.202526666667,0.2206,0.222466666667,0.487181724195,0.0005,0.000499874984371,0,1999,0,20261005,15,0.0005,True
heart_cell_atlas_subsampled,GLM-PCA,local_retention,1000,5000,geometry_unrestricted,upper,0.196666666667,0.3,False,0.0150622978156,0.00119840142588,0.0127333333333,0.0130666666667,0.0170666666667,0.0174,0.181604368851,0.0005,0.000499874984371,0,1999,0,20261005,15,0.0005,True
heart_cell_atlas_subsampled,GLM-PCA,trustworthiness,1000,5000,geometry_unrestricted,upper,0.835638621631,0.9,False,0.503511235147,0.00303368044519,0.4976895087,0.498583350392,0.508442470147,0.509713613101,0.332127386484,0.0005,0.000499874984371,0,1999,0,20261005,15,0.0005,True
heart_cell_atlas_subsampled,GLM-PCA,global_rank_corr,1000,5000,geometry_unrestricted,upper,0.480270925015,0.45,True,-0.000202729732622,0.0224205322988,-0.0422547153138,-0.0358646437213,0.0383231712407,0.045689240064,0.480473654748,0.0005,0.000499874984371,0,1999,0,20261005,15,0.0005,True
heart_cell_atlas_subsampled,GLM-PCA,local_retention,1000,5000,geometry_within_annotation,upper,0.196666666667,0.3,False,0.0848489578122,0.00248541958841,0.0800633333333,0.0807333333333,0.0889333333333,0.0897366666667,0.111817708854,0.0005,0.000499874984371,0,1999,0,20261005,15,0.000519230769231,True
heart_cell_atlas_subsampled,GLM-PCA,trustworthiness,1000,5000,geometry_within_annotation,upper,0.835638621631,0.9,False,0.71143239839,0.00260949082856,0.70645058683,0.707211313545,0.715854336404,0.716700293415,0.124206223241,0.0005,0.000499874984371,0,1999,0,20261005,15,0.000519230769231,True
heart_cell_atlas_subsampled,GLM-PCA,global_rank_corr,1000,5000,geometry_within_annotation,upper,0.480270925015,0.45,True,0.364895979226,0.0137329464901,0.337543802087,0.342125615809,0.387276271342,0.391984984993,0.115374945789,0.0005,0.000499874984371,0,1999,0,20261005,15,0.000519230769231,True
heart_cell_atlas_subsampled,GLM-PCA,label_neighbor_recall,1000,0,annotation_unrestricted,upper,0.7828,0.55,True,0.1752005336,0.0039978060583,0.1678,0.168866666667,0.1822,0.18327,0.6075994664,0.0005,0.000499874984371,0,1999,0,20261005,15,0.0005,True
heart_cell_atlas_subsampled,GLM-PCA,label_neighbor_recall,1000,0,annotation_within_donor,upper,0.7828,0.55,True,0.212826946807,0.00551874116716,0.202663333333,0.203926666667,0.222,0.223673333333,0.569973053193,0.0005,0.000499874984371,0,1999,0,20261005,15,0.0005,True
heart_cell_atlas_subsampled,scScope,local_retention,1000,5000,geometry_unrestricted,upper,0.247133333333,0.3,False,0.0150173420043,0.0011805157632,0.0128,0.0131333333333,0.017,0.0174,0.232115991329,0.0005,0.000499874984371,0,1999,0,20261005,15,0.0005,True
heart_cell_atlas_subsampled,scScope,trustworthiness,1000,5000,geometry_unrestricted,upper,0.861087478676,0.9,False,0.503538217079,0.00279340159094,0.498104503582,0.49905102013,0.508181139543,0.509286468782,0.357549261598,0.0005,0.000499874984371,0,1999,0,20261005,15,0.0005,True
heart_cell_atlas_subsampled,scScope,global_rank_corr,1000,5000,geometry_unrestricted,upper,0.307769513299,0.45,False,-2.05135978316e-05,0.0189329443072,-0.0368568191704,-0.0310486809588,0.0312494412935,0.0380351540688,0.307790026897,0.0005,0.000499874984371,0,1999,0,20261005,15,0.0005,True
heart_cell_atlas_subsampled,scScope,local_retention,1000,5000,geometry_within_annotation,upper,0.247133333333,0.3,False,0.0910336835084,0.00270062202981,0.0858,0.0865333333333,0.0956666666667,0.0963366666667,0.156099649825,0.0005,0.000499874984371,0,1999,0,20261005,15,0.000519230769231,True
heart_cell_atlas_subsampled,scScope,trustworthiness,1000,5000,geometry_within_annotation,upper,0.861087478676,0.9,False,0.712839654901,0.00275828874725,0.707578645513,0.708470801774,0.717439611054,0.718532494029,0.148247823775,0.0005,0.000499874984371,0,1999,0,20261005,15,0.000519230769231,True
heart_cell_atlas_subsampled,scScope,global_rank_corr,1000,5000,geometry_within_annotation,upper,0.307769513299,0.45,False,0.198964195325,0.0122036056274,0.175146871701,0.178953868892,0.219375322098,0.222880035518,0.108805317974,0.0005,0.000499874984371,0,1999,0,20261005,15,0.000519230769231,True
heart_cell_atlas_subsampled,scScope,label_neighbor_recall,1000,0,annotation_unrestricted,upper,0.799066666667,0.55,True,0.175164749041,0.00403696965608,0.167666666667,0.1688,0.182133333333,0.183533333333,0.623901917625,0.0005,0.000499874984371,0,1999,0,20261005,15,0.0005,True
heart_cell_atlas_subsampled,scScope,label_neighbor_recall,1000,0,annotation_within_donor,upper,0.799066666667,0.55,True,0.215500616975,0.00517546455753,0.205726666667,0.207193333333,0.224,0.225936666667,0.583566049692,0.0005,0.000499874984371,0,1999,0,20261005,15,0.0005,True
heart_cell_atlas_subsampled,SAUCIE,local_retention,1000,5000,geometry_unrestricted,upper,0.243066666667,0.3,False,0.0150410538603,0.00115328465209,0.0128,0.0132,0.0170066666667,0.0174666666667,0.228025612806,0.0005,0.000499874984371,0,1999,0,20261005,15,0.0005,True
heart_cell_atlas_subsampled,SAUCIE,trustworthiness,1000,5000,geometry_unrestricted,upper,0.867555578301,0.9,False,0.503608977979,0.00295315133634,0.497961995906,0.49884510406,0.508316212897,0.509525203002,0.363946600322,0.0005,0.000499874984371,0,1999,0,20261005,15,0.0005,True
heart_cell_atlas_subsampled,SAUCIE,global_rank_corr,1000,5000,geometry_unrestricted,upper,0.49425077833,0.45,True,0.00050977875241,0.0251176242825,-0.0490909490608,-0.0408050026074,0.0439415043404,0.0510691940995,0.493740999578,0.0005,0.000499874984371,0,1999,0,20261005,15,0.0005,True
heart_cell_atlas_subsampled,SAUCIE,local_retention,1000,5000,geometry_within_annotation,upper,0.243066666667,0.3,False,0.0888084709021,0.00249757873,0.08413,0.0848,0.0928733333333,0.09367,0.154258195765,0.0005,0.000499874984371,0,1999,0,20261005,15,0.000519230769231,True
heart_cell_atlas_subsampled,SAUCIE,trustworthiness,1000,5000,geometry_within_annotation,upper,0.867555578301,0.9,False,0.725372608242,0.00265112520954,0.720300501535,0.721178703514,0.729906496076,0.730873067213,0.142182970059,0.0005,0.000499874984371,0,1999,0,20261005,15,0.000519230769231,True
heart_cell_atlas_subsampled,SAUCIE,global_rank_corr,1000,5000,geometry_within_annotation,upper,0.49425077833,0.45,True,0.250781880835,0.0166031653624,0.218944032509,0.2239409531,0.277422029109,0.282174306717,0.243468897495,0.0005,0.000499874984371,0,1999,0,20261005,15,0.000519230769231,True
heart_cell_atlas_subsampled,SAUCIE,label_neighbor_recall,1000,0,annotation_unrestricted,upper,0.825866666667,0.55,True,0.175188160747,0.00390401005762,0.167863333333,0.16906,0.18174,0.18307,0.65067850592,0.0005,0.000499874984371,0,1999,0,20261005,15,0.0005,True
heart_cell_atlas_subsampled,SAUCIE,label_neighbor_recall,1000,0,annotation_within_donor,upper,0.825866666667,0.55,True,0.213005836251,0.00553537509513,0.202466666667,0.20406,0.2222,0.224,0.612860830415,0.0005,0.000499874984371,0,1999,0,20261005,15,0.0005,True
heart_cell_atlas_subsampled,UMAP,local_retention,1000,5000,geometry_unrestricted,upper,0.467,0.3,True,0.0150349508087,0.00115761018279,0.0128,0.0132,0.017,0.0173333333333,0.451965049191,0.0005,0.000499874984371,0,1999,0,20261005,15,0.0005,True
heart_cell_atlas_subsampled,UMAP,trustworthiness,1000,5000,geometry_unrestricted,upper,0.948214875469,0.9,True,0.503580837092,0.00301245294865,0.497678338451,0.498561289662,0.508487662914,0.50981848857,0.444634038377,0.0005,0.000499874984371,0,1999,0,20261005,15,0.0005,True
heart_cell_atlas_subsampled,UMAP,global_rank_corr,1000,5000,geometry_unrestricted,upper,0.331517222058,0.45,False,0.000558261602337,0.0181284360038,-0.0343413818839,-0.0296843346623,0.0304204416208,0.0361457807457,0.330958960456,0.0005,0.000499874984371,0,1999,0,20261005,15,0.0005,True
heart_cell_atlas_subsampled,UMAP,local_retention,1000,5000,geometry_within_annotation,upper,0.467,0.3,True,0.113699049525,0.0027286055549,0.1084,0.1092,0.118273333333,0.1192,0.353300950475,0.0005,0.000499874984371,0,1999,0,20261005,15,0.000519230769231,True
heart_cell_atlas_subsampled,UMAP,trustworthiness,1000,5000,geometry_within_annotation,upper,0.948214875469,0.9,True,0.761083821645,0.0025991147138,0.756432190379,0.756968386216,0.765635503241,0.766487935858,0.187131053824,0.0005,0.000499874984371,0,1999,0,20261005,15,0.000519230769231,True
heart_cell_atlas_subsampled,UMAP,global_rank_corr,1000,5000,geometry_within_annotation,upper,0.331517222058,0.45,False,0.264017488915,0.00892583844496,0.246766656,0.249541151855,0.278648799393,0.280729792742,0.067499733143,0.0005,0.000499874984371,0,1999,0,20261005,15,0.000519230769231,True
heart_cell_atlas_subsampled,UMAP,label_neighbor_recall,1000,0,annotation_unrestricted,upper,0.9304,0.55,True,0.175095981324,0.00409294106731,0.167393333333,0.1686,0.182333333333,0.183606666667,0.755304018676,0.0005,0.000499874984371,0,1999,0,20261005,15,0.0005,True
heart_cell_atlas_subsampled,UMAP,label_neighbor_recall,1000,0,annotation_within_donor,upper,0.9304,0.55,True,0.21592182758,0.0055091813151,0.205396666667,0.20706,0.2252,0.227066666667,0.71447817242,0.0005,0.000499874984371,0,1999,0,20261005,15,0.0005,True
heart_cell_atlas_subsampled,PHATE,local_retention,1000,5000,geometry_unrestricted,upper,0.379466666667,0.3,True,0.0150418209105,0.00115090825398,0.0129333333333,0.0132666666667,0.0170666666667,0.01747,0.364424845756,0.0005,0.000499874984371,0,1999,0,20261005,15,0.0005,True
heart_cell_atlas_subsampled,PHATE,trustworthiness,1000,5000,geometry_unrestricted,upper,0.918465779597,0.9,True,0.503459459208,0.00368080786621,0.496677792562,0.497660893893,0.509557331969,0.510801968611,0.41500632039,0.0005,0.000499874984371,0,1999,0,20261005,15,0.0005,True
heart_cell_atlas_subsampled,PHATE,global_rank_corr,1000,5000,geometry_unrestricted,upper,0.528824028913,0.45,True,0.000437407417285,0.0205365151571,-0.0381195324898,-0.032591821445,0.0338828548521,0.041530080615,0.528386621496,0.0005,0.000499874984371,0,1999,0,20261005,15,0.0005,True
heart_cell_atlas_subsampled,PHATE,local_retention,1000,5000,geometry_within_annotation,upper,0.379466666667,0.3,True,0.105922928131,0.00265713482622,0.100933333333,0.101726666667,0.110266666667,0.1112,0.273543738536,0.0005,0.000499874984371,0,1999,0,20261005,15,0.000519230769231,True
heart_cell_atlas_subsampled,PHATE,trustworthiness,1000,5000,geometry_within_annotation,upper,0.918465779597,0.9,True,0.750098828602,0.00271168899164,0.744911746844,0.745628672808,0.754638246332,0.755671142955,0.168366950995,0.0005,0.000499874984371,0,1999,0,20261005,15,0.000519230769231,True
heart_cell_atlas_subsampled,PHATE,global_rank_corr,1000,5000,geometry_within_annotation,upper,0.528824028913,0.45,True,0.434380686391,0.00899353163412,0.417466974941,0.419878052711,0.448992817036,0.45244633255,0.0944433425219,0.0005,0.000499874984371,0,1999,0,20261005,15,0.000519230769231,True
heart_cell_atlas_subsampled,PHATE,label_neighbor_recall,1000,0,annotation_unrestricted,upper,0.8964,0.55,True,0.175131165583,0.00403662822767,0.167863333333,0.16866,0.182133333333,0.183403333333,0.721268834417,0.0005,0.000499874984371,0,1999,0,20261005,15,0.0005,True
heart_cell_atlas_subsampled,PHATE,label_neighbor_recall,1000,0,annotation_within_donor,upper,0.8964,0.55,True,0.214662131066,0.00546048275027,0.204066666667,0.205866666667,0.223473333333,0.2254,0.681737868934,0.0005,0.000499874984371,0,1999,0,20261005,15,0.0005,True
heart_cell_atlas_subsampled,t-SNE,local_retention,1000,5000,geometry_unrestricted,upper,0.490866666667,0.3,True,0.0150136401534,0.0011527602651,0.0129333333333,0.0132,0.0169333333333,0.0172666666667,0.475853026513,0.0005,0.000499874984371,0,1999,0,20261005,15,0.0005,True
heart_cell_atlas_subsampled,t-SNE,trustworthiness,1000,5000,geometry_unrestricted,upper,0.953061071307,0.9,True,0.503488787178,0.00307046420542,0.497650365063,0.49855332651,0.508474875469,0.509388908222,0.449572284129,0.0005,0.000499874984371,0,1999,0,20261005,15,0.0005,True
heart_cell_atlas_subsampled,t-SNE,global_rank_corr,1000,5000,geometry_unrestricted,upper,0.476483691547,0.45,True,-0.000451027194489,0.01912148402,-0.0354124985922,-0.0308397245949,0.0311404715642,0.0367357293782,0.476934718741,0.0005,0.000499874984371,0,1999,0,20261005,15,0.0005,True
heart_cell_atlas_subsampled,t-SNE,local_retention,1000,5000,geometry_within_annotation,upper,0.490866666667,0.3,True,0.118637118559,0.00277353802794,0.113463333333,0.114133333333,0.123266666667,0.124,0.372229548107,0.0005,0.000499874984371,0,1999,0,20261005,15,0.000519230769231,True
heart_cell_atlas_subsampled,t-SNE,trustworthiness,1000,5000,geometry_within_annotation,upper,0.953061071307,0.9,True,0.764553758353,0.00259052773729,0.759759460935,0.760574049812,0.768983889458,0.769711818492,0.188507312954,0.0005,0.000499874984371,0,1999,0,20261005,15,0.000519230769231,True
heart_cell_atlas_subsampled,t-SNE,global_rank_corr,1000,5000,geometry_within_annotation,upper,0.476483691547,0.45,True,0.380968794149,0.00795891384017,0.365195596283,0.367401690481,0.393940465954,0.396549310025,0.095514897398,0.0005,0.000499874984371,0,1999,0,20261005,15,0.000519230769231,True
heart_cell_atlas_subsampled,t-SNE,label_neighbor_recall,1000,0,annotation_unrestricted,upper,0.947933333333,0.55,True,0.175124762381,0.00399883087101,0.167796666667,0.168866666667,0.1818,0.1832,0.772808570952,0.0005,0.000499874984371,0,1999,0,20261005,15,0.0005,True
heart_cell_atlas_subsampled,t-SNE,label_neighbor_recall,1000,0,annotation_within_donor,upper,0.947933333333,0.55,True,0.216735000834,0.00536085880611,0.206463333333,0.208,0.22574,0.227266666667,0.7311983325,0.0005,0.000499874984371,0,1999,0,20261005,15,0.0005,True
heart_cell_atlas_subsampled,PaCMAP,local_retention,1000,5000,geometry_unrestricted,upper,0.4704,0.3,True,0.015036084709,0.00116930712703,0.0128,0.0131333333333,0.0169333333333,0.0173333333333,0.455363915291,0.0005,0.000499874984371,0,1999,0,20261005,15,0.0005,True
heart_cell_atlas_subsampled,PaCMAP,trustworthiness,1000,5000,geometry_unrestricted,upper,0.946269737291,0.9,True,0.503483258074,0.00307671683778,0.497632674855,0.49833028318,0.508679631525,0.509470368475,0.442786479217,0.0005,0.000499874984371,0,1999,0,20261005,15,0.0005,True
heart_cell_atlas_subsampled,PaCMAP,global_rank_corr,1000,5000,geometry_unrestricted,upper,0.562785124623,0.45,True,-0.000174009793416,0.0200781074254,-0.0380240138107,-0.0327532868277,0.0327511693652,0.0397752191664,0.562959134416,0.0005,0.000499874984371,0,1999,0,20261005,15,0.0005,True
heart_cell_atlas_subsampled,PaCMAP,local_retention,1000,5000,geometry_within_annotation,upper,0.4704,0.3,True,0.11352062698,0.00272400500679,0.108266666667,0.109,0.1182,0.118936666667,0.35687937302,0.0005,0.000499874984371,0,1999,0,20261005,15,0.000519230769231,True
heart_cell_atlas_subsampled,PaCMAP,trustworthiness,1000,5000,geometry_within_annotation,upper,0.946269737291,0.9,True,0.758369022519,0.00257697235938,0.75340629478,0.754188659161,0.762666775844,0.763494483112,0.187900714772,0.0005,0.000499874984371,0,1999,0,20261005,15,0.000519230769231,True
heart_cell_atlas_subsampled,PaCMAP,global_rank_corr,1000,5000,geometry_within_annotation,upper,0.562785124623,0.45,True,0.464916648241,0.00707578191379,0.451235788138,0.453264304016,0.47708781698,0.478922879673,0.0978684763817,0.0005,0.000499874984371,0,1999,0,20261005,15,0.000519230769231,True
heart_cell_atlas_subsampled,PaCMAP,label_neighbor_recall,1000,0,annotation_unrestricted,upper,0.930866666667,0.55,True,0.175265532766,0.00396135189064,0.167863333333,0.168926666667,0.1818,0.183336666667,0.7556011339,0.0005,0.000499874984371,0,1999,0,20261005,15,0.0005,True
heart_cell_atlas_subsampled,PaCMAP,label_neighbor_recall,1000,0,annotation_within_donor,upper,0.930866666667,0.55,True,0.217724195431,0.00537944374034,0.207863333333,0.209133333333,0.2268,0.228466666667,0.713142471236,0.0005,0.000499874984371,0,1999,0,20261005,15,0.0005,True
heart_cell_atlas_subsampled,scVI,local_retention,1000,5000,geometry_unrestricted,upper,0.263933333333,0.3,False,0.0150448224112,0.00115736016418,0.0129333333333,0.0132,0.0169333333333,0.0173333333333,0.248888510922,0.0005,0.000499874984371,0,1999,0,20261005,15,0.0005,True
heart_cell_atlas_subsampled,scVI,trustworthiness,1000,5000,geometry_unrestricted,upper,0.895564244285,0.9,False,0.503414968146,0.00310948461194,0.497619938588,0.498392030024,0.508570672126,0.509709399522,0.392149276139,0.0005,0.000499874984371,0,1999,0,20261005,15,0.0005,True
heart_cell_atlas_subsampled,scVI,global_rank_corr,1000,5000,geometry_unrestricted,upper,0.505394643591,0.45,True,-4.93763436946e-05,0.0214503708491,-0.0408313590581,-0.0339588635176,0.0353678248559,0.0425570440895,0.505444019935,0.0005,0.000499874984371,0,1999,0,20261005,15,0.0005,True
heart_cell_atlas_subsampled,scVI,local_retention,1000,5000,geometry_within_annotation,upper,0.263933333333,0.3,False,0.106496314824,0.00275321659662,0.101266666667,0.102066666667,0.11114,0.112133333333,0.157437018509,0.0005,0.000499874984371,0,1999,0,20261005,15,0.000519230769231,True
heart_cell_atlas_subsampled,scVI,trustworthiness,1000,5000,geometry_within_annotation,upper,0.895564244285,0.9,False,0.7494395754,0.00273108879192,0.744198799045,0.744997052201,0.753936902081,0.75486243944,0.146124668885,0.0005,0.000499874984371,0,1999,0,20261005,15,0.000519230769231,True
heart_cell_atlas_subsampled,scVI,global_rank_corr,1000,5000,geometry_within_annotation,upper,0.505394643591,0.45,True,0.383654338491,0.0115053652773,0.361467910186,0.364946477103,0.402370454265,0.406406381312,0.1217403051,0.0005,0.000499874984371,0,1999,0,20261005,15,0.000519230769231,True
heart_cell_atlas_subsampled,scVI,label_neighbor_recall,1000,0,annotation_unrestricted,upper,0.884266666667,0.55,True,0.175139536435,0.0040085867942,0.167396666667,0.16866,0.181933333333,0.183266666667,0.709127130232,0.0005,0.000499874984371,0,1999,0,20261005,15,0.0005,True
heart_cell_atlas_subsampled,scVI,label_neighbor_recall,1000,0,annotation_within_donor,upper,0.884266666667,0.55,True,0.21511809238,0.00531018217702,0.205063333333,0.206333333333,0.22394,0.22567,0.669148574287,0.0005,0.000499874984371,0,1999,0,20261005,15,0.0005,True
