dataset_id,method,metric,n_cells,n_donors,null_family,tail,observed,operational_cutoff,original_cutoff_met,null_mean,null_sd,null_q025,null_q05,null_q95,null_q975,effect_vs_null_mean,p_one_sided,monte_carlo_se,extreme_draws,permutations,embedding_seed,permutation_seed,k,q_bh,null_rejected_q05
heart_cell_atlas_subsampled,PCA,donor_entropy,1000,14,donor_within_cell_type,lower,0.646621900681,0.5,True,0.734452676445,0.00520444610062,0.7243480758,0.72586833444,0.742878653792,0.744168035298,-0.0878307757642,0.0005,0.000499874984371,0,1999,0,20261005,15,0.0005,True
heart_cell_atlas_subsampled,GLM-PCA,donor_entropy,1000,14,donor_within_cell_type,lower,0.623163590269,0.5,True,0.726971423136,0.00488560021012,0.717172728377,0.71853008002,0.734943024292,0.736071227302,-0.103807832867,0.0005,0.000499874984371,0,1999,0,20261005,15,0.0005,True
heart_cell_atlas_subsampled,scScope,donor_entropy,1000,14,donor_within_cell_type,lower,0.557763955678,0.5,True,0.730908874616,0.00497920459259,0.72107499446,0.722628822955,0.739193851612,0.740597558511,-0.173144918938,0.0005,0.000499874984371,0,1999,0,20261005,15,0.0005,True
heart_cell_atlas_subsampled,SAUCIE,donor_entropy,1000,14,donor_within_cell_type,lower,0.62244070242,0.5,True,0.725313733498,0.00504644894769,0.715528100945,0.716908542502,0.733642001552,0.735141505203,-0.102873031079,0.0005,0.000499874984371,0,1999,0,20261005,15,0.0005,True
heart_cell_atlas_subsampled,UMAP,donor_entropy,1000,14,donor_within_cell_type,lower,0.547586238322,0.5,True,0.720188979868,0.00485903703268,0.710529162124,0.712015452964,0.72789684589,0.72955781254,-0.172602741547,0.0005,0.000499874984371,0,1999,0,20261005,15,0.0005,True
heart_cell_atlas_subsampled,PHATE,donor_entropy,1000,14,donor_within_cell_type,lower,0.563726031856,0.5,True,0.721549803803,0.0052673275268,0.711204959194,0.71283471301,0.729955391599,0.731689080244,-0.157823771948,0.0005,0.000499874984371,0,1999,0,20261005,15,0.0005,True
heart_cell_atlas_subsampled,t-SNE,donor_entropy,1000,14,donor_within_cell_type,lower,0.538081452279,0.5,True,0.720344109724,0.00493272333827,0.7108972983,0.712326578258,0.728368543312,0.730164704253,-0.182262657445,0.0005,0.000499874984371,0,1999,0,20261005,15,0.0005,True
heart_cell_atlas_subsampled,PaCMAP,donor_entropy,1000,14,donor_within_cell_type,lower,0.532857640453,0.5,True,0.719815012084,0.0050021130886,0.709751092922,0.711227983912,0.727898158785,0.729101768341,-0.186957371632,0.0005,0.000499874984371,0,1999,0,20261005,15,0.0005,True
heart_cell_atlas_subsampled,scVI,donor_entropy,1000,14,donor_within_cell_type,lower,0.591633191729,0.5,True,0.722444008864,0.00482332866082,0.712887763283,0.714319683908,0.730050491239,0.731395296242,-0.130810817135,0.0005,0.000499874984371,0,1999,0,20261005,15,0.0005,True
