array,column,dataset_id,method,metric,null_family,root,n_permutations
draws_000,0,pbmc3k,PCA,local_retention,geometry_unrestricted,,1999
draws_000,1,pbmc3k,PCA,trustworthiness,geometry_unrestricted,,1999
draws_000,2,pbmc3k,PCA,global_rank_corr,geometry_unrestricted,,1999
draws_001,0,pbmc3k,PCA,local_retention,geometry_within_annotation,,1999
draws_001,1,pbmc3k,PCA,trustworthiness,geometry_within_annotation,,1999
draws_001,2,pbmc3k,PCA,global_rank_corr,geometry_within_annotation,,1999
draws_002,0,pbmc3k,PCA,label_neighbor_recall,annotation_unrestricted,,1999
draws_003,0,pbmc3k,GLM-PCA,local_retention,geometry_unrestricted,,1999
draws_003,1,pbmc3k,GLM-PCA,trustworthiness,geometry_unrestricted,,1999
draws_003,2,pbmc3k,GLM-PCA,global_rank_corr,geometry_unrestricted,,1999
draws_004,0,pbmc3k,GLM-PCA,local_retention,geometry_within_annotation,,1999
draws_004,1,pbmc3k,GLM-PCA,trustworthiness,geometry_within_annotation,,1999
draws_004,2,pbmc3k,GLM-PCA,global_rank_corr,geometry_within_annotation,,1999
draws_005,0,pbmc3k,GLM-PCA,label_neighbor_recall,annotation_unrestricted,,1999
draws_006,0,pbmc3k,scScope,local_retention,geometry_unrestricted,,1999
draws_006,1,pbmc3k,scScope,trustworthiness,geometry_unrestricted,,1999
draws_006,2,pbmc3k,scScope,global_rank_corr,geometry_unrestricted,,1999
draws_007,0,pbmc3k,scScope,local_retention,geometry_within_annotation,,1999
draws_007,1,pbmc3k,scScope,trustworthiness,geometry_within_annotation,,1999
draws_007,2,pbmc3k,scScope,global_rank_corr,geometry_within_annotation,,1999
draws_008,0,pbmc3k,scScope,label_neighbor_recall,annotation_unrestricted,,1999
draws_009,0,pbmc3k,SAUCIE,local_retention,geometry_unrestricted,,1999
draws_009,1,pbmc3k,SAUCIE,trustworthiness,geometry_unrestricted,,1999
draws_009,2,pbmc3k,SAUCIE,global_rank_corr,geometry_unrestricted,,1999
draws_010,0,pbmc3k,SAUCIE,local_retention,geometry_within_annotation,,1999
draws_010,1,pbmc3k,SAUCIE,trustworthiness,geometry_within_annotation,,1999
draws_010,2,pbmc3k,SAUCIE,global_rank_corr,geometry_within_annotation,,1999
draws_011,0,pbmc3k,SAUCIE,label_neighbor_recall,annotation_unrestricted,,1999
draws_012,0,pbmc3k,UMAP,local_retention,geometry_unrestricted,,1999
draws_012,1,pbmc3k,UMAP,trustworthiness,geometry_unrestricted,,1999
draws_012,2,pbmc3k,UMAP,global_rank_corr,geometry_unrestricted,,1999
draws_013,0,pbmc3k,UMAP,local_retention,geometry_within_annotation,,1999
draws_013,1,pbmc3k,UMAP,trustworthiness,geometry_within_annotation,,1999
draws_013,2,pbmc3k,UMAP,global_rank_corr,geometry_within_annotation,,1999
draws_014,0,pbmc3k,UMAP,label_neighbor_recall,annotation_unrestricted,,1999
draws_015,0,pbmc3k,PHATE,local_retention,geometry_unrestricted,,1999
draws_015,1,pbmc3k,PHATE,trustworthiness,geometry_unrestricted,,1999
draws_015,2,pbmc3k,PHATE,global_rank_corr,geometry_unrestricted,,1999
draws_016,0,pbmc3k,PHATE,local_retention,geometry_within_annotation,,1999
draws_016,1,pbmc3k,PHATE,trustworthiness,geometry_within_annotation,,1999
draws_016,2,pbmc3k,PHATE,global_rank_corr,geometry_within_annotation,,1999
draws_017,0,pbmc3k,PHATE,label_neighbor_recall,annotation_unrestricted,,1999
draws_018,0,pbmc3k,t-SNE,local_retention,geometry_unrestricted,,1999
draws_018,1,pbmc3k,t-SNE,trustworthiness,geometry_unrestricted,,1999
draws_018,2,pbmc3k,t-SNE,global_rank_corr,geometry_unrestricted,,1999
draws_019,0,pbmc3k,t-SNE,local_retention,geometry_within_annotation,,1999
draws_019,1,pbmc3k,t-SNE,trustworthiness,geometry_within_annotation,,1999
draws_019,2,pbmc3k,t-SNE,global_rank_corr,geometry_within_annotation,,1999
draws_020,0,pbmc3k,t-SNE,label_neighbor_recall,annotation_unrestricted,,1999
draws_021,0,pbmc3k,PaCMAP,local_retention,geometry_unrestricted,,1999
draws_021,1,pbmc3k,PaCMAP,trustworthiness,geometry_unrestricted,,1999
draws_021,2,pbmc3k,PaCMAP,global_rank_corr,geometry_unrestricted,,1999
draws_022,0,pbmc3k,PaCMAP,local_retention,geometry_within_annotation,,1999
draws_022,1,pbmc3k,PaCMAP,trustworthiness,geometry_within_annotation,,1999
draws_022,2,pbmc3k,PaCMAP,global_rank_corr,geometry_within_annotation,,1999
draws_023,0,pbmc3k,PaCMAP,label_neighbor_recall,annotation_unrestricted,,1999
draws_024,0,pbmc3k,scVI,local_retention,geometry_unrestricted,,1999
draws_024,1,pbmc3k,scVI,trustworthiness,geometry_unrestricted,,1999
draws_024,2,pbmc3k,scVI,global_rank_corr,geometry_unrestricted,,1999
draws_025,0,pbmc3k,scVI,local_retention,geometry_within_annotation,,1999
draws_025,1,pbmc3k,scVI,trustworthiness,geometry_within_annotation,,1999
draws_025,2,pbmc3k,scVI,global_rank_corr,geometry_within_annotation,,1999
draws_026,0,pbmc3k,scVI,label_neighbor_recall,annotation_unrestricted,,1999
draws_027,0,paul15,PCA,local_retention,geometry_unrestricted,,1999
draws_027,1,paul15,PCA,trustworthiness,geometry_unrestricted,,1999
draws_027,2,paul15,PCA,global_rank_corr,geometry_unrestricted,,1999
draws_028,0,paul15,PCA,local_retention,geometry_within_annotation,,1999
draws_028,1,paul15,PCA,trustworthiness,geometry_within_annotation,,1999
draws_028,2,paul15,PCA,global_rank_corr,geometry_within_annotation,,1999
draws_029,0,paul15,PCA,label_neighbor_recall,annotation_unrestricted,,1999
draws_030,0,paul15,GLM-PCA,local_retention,geometry_unrestricted,,1999
draws_030,1,paul15,GLM-PCA,trustworthiness,geometry_unrestricted,,1999
draws_030,2,paul15,GLM-PCA,global_rank_corr,geometry_unrestricted,,1999
draws_031,0,paul15,GLM-PCA,local_retention,geometry_within_annotation,,1999
draws_031,1,paul15,GLM-PCA,trustworthiness,geometry_within_annotation,,1999
draws_031,2,paul15,GLM-PCA,global_rank_corr,geometry_within_annotation,,1999
draws_032,0,paul15,GLM-PCA,label_neighbor_recall,annotation_unrestricted,,1999
draws_033,0,paul15,scScope,local_retention,geometry_unrestricted,,1999
draws_033,1,paul15,scScope,trustworthiness,geometry_unrestricted,,1999
draws_033,2,paul15,scScope,global_rank_corr,geometry_unrestricted,,1999
draws_034,0,paul15,scScope,local_retention,geometry_within_annotation,,1999
draws_034,1,paul15,scScope,trustworthiness,geometry_within_annotation,,1999
draws_034,2,paul15,scScope,global_rank_corr,geometry_within_annotation,,1999
draws_035,0,paul15,scScope,label_neighbor_recall,annotation_unrestricted,,1999
draws_036,0,paul15,SAUCIE,local_retention,geometry_unrestricted,,1999
draws_036,1,paul15,SAUCIE,trustworthiness,geometry_unrestricted,,1999
draws_036,2,paul15,SAUCIE,global_rank_corr,geometry_unrestricted,,1999
draws_037,0,paul15,SAUCIE,local_retention,geometry_within_annotation,,1999
draws_037,1,paul15,SAUCIE,trustworthiness,geometry_within_annotation,,1999
draws_037,2,paul15,SAUCIE,global_rank_corr,geometry_within_annotation,,1999
draws_038,0,paul15,SAUCIE,label_neighbor_recall,annotation_unrestricted,,1999
draws_039,0,paul15,UMAP,local_retention,geometry_unrestricted,,1999
draws_039,1,paul15,UMAP,trustworthiness,geometry_unrestricted,,1999
draws_039,2,paul15,UMAP,global_rank_corr,geometry_unrestricted,,1999
draws_040,0,paul15,UMAP,local_retention,geometry_within_annotation,,1999
draws_040,1,paul15,UMAP,trustworthiness,geometry_within_annotation,,1999
draws_040,2,paul15,UMAP,global_rank_corr,geometry_within_annotation,,1999
draws_041,0,paul15,UMAP,label_neighbor_recall,annotation_unrestricted,,1999
draws_042,0,paul15,PHATE,local_retention,geometry_unrestricted,,1999
draws_042,1,paul15,PHATE,trustworthiness,geometry_unrestricted,,1999
draws_042,2,paul15,PHATE,global_rank_corr,geometry_unrestricted,,1999
draws_043,0,paul15,PHATE,local_retention,geometry_within_annotation,,1999
draws_043,1,paul15,PHATE,trustworthiness,geometry_within_annotation,,1999
draws_043,2,paul15,PHATE,global_rank_corr,geometry_within_annotation,,1999
draws_044,0,paul15,PHATE,label_neighbor_recall,annotation_unrestricted,,1999
draws_045,0,paul15,t-SNE,local_retention,geometry_unrestricted,,1999
draws_045,1,paul15,t-SNE,trustworthiness,geometry_unrestricted,,1999
draws_045,2,paul15,t-SNE,global_rank_corr,geometry_unrestricted,,1999
draws_046,0,paul15,t-SNE,local_retention,geometry_within_annotation,,1999
draws_046,1,paul15,t-SNE,trustworthiness,geometry_within_annotation,,1999
draws_046,2,paul15,t-SNE,global_rank_corr,geometry_within_annotation,,1999
draws_047,0,paul15,t-SNE,label_neighbor_recall,annotation_unrestricted,,1999
draws_048,0,paul15,PaCMAP,local_retention,geometry_unrestricted,,1999
draws_048,1,paul15,PaCMAP,trustworthiness,geometry_unrestricted,,1999
draws_048,2,paul15,PaCMAP,global_rank_corr,geometry_unrestricted,,1999
draws_049,0,paul15,PaCMAP,local_retention,geometry_within_annotation,,1999
draws_049,1,paul15,PaCMAP,trustworthiness,geometry_within_annotation,,1999
draws_049,2,paul15,PaCMAP,global_rank_corr,geometry_within_annotation,,1999
draws_050,0,paul15,PaCMAP,label_neighbor_recall,annotation_unrestricted,,1999
draws_051,0,paul15,scVI,local_retention,geometry_unrestricted,,1999
draws_051,1,paul15,scVI,trustworthiness,geometry_unrestricted,,1999
draws_051,2,paul15,scVI,global_rank_corr,geometry_unrestricted,,1999
draws_052,0,paul15,scVI,local_retention,geometry_within_annotation,,1999
draws_052,1,paul15,scVI,trustworthiness,geometry_within_annotation,,1999
draws_052,2,paul15,scVI,global_rank_corr,geometry_within_annotation,,1999
draws_053,0,paul15,scVI,label_neighbor_recall,annotation_unrestricted,,1999
draws_054,0,paul15,PCA,pseudotime_distance_correlation,continuum_unrestricted,stored_8Mk,1999
draws_054,1,paul15,PCA,local_pseudotime_retention,continuum_unrestricted,stored_8Mk,1999
draws_055,0,paul15,PCA,pseudotime_distance_correlation,continuum_within_lineage,stored_8Mk,1999
draws_055,1,paul15,PCA,local_pseudotime_retention,continuum_within_lineage,stored_8Mk,1999
draws_056,0,paul15,GLM-PCA,pseudotime_distance_correlation,continuum_unrestricted,stored_8Mk,1999
draws_056,1,paul15,GLM-PCA,local_pseudotime_retention,continuum_unrestricted,stored_8Mk,1999
draws_057,0,paul15,GLM-PCA,pseudotime_distance_correlation,continuum_within_lineage,stored_8Mk,1999
draws_057,1,paul15,GLM-PCA,local_pseudotime_retention,continuum_within_lineage,stored_8Mk,1999
draws_058,0,paul15,scScope,pseudotime_distance_correlation,continuum_unrestricted,stored_8Mk,1999
draws_058,1,paul15,scScope,local_pseudotime_retention,continuum_unrestricted,stored_8Mk,1999
draws_059,0,paul15,scScope,pseudotime_distance_correlation,continuum_within_lineage,stored_8Mk,1999
draws_059,1,paul15,scScope,local_pseudotime_retention,continuum_within_lineage,stored_8Mk,1999
draws_060,0,paul15,SAUCIE,pseudotime_distance_correlation,continuum_unrestricted,stored_8Mk,1999
draws_060,1,paul15,SAUCIE,local_pseudotime_retention,continuum_unrestricted,stored_8Mk,1999
draws_061,0,paul15,SAUCIE,pseudotime_distance_correlation,continuum_within_lineage,stored_8Mk,1999
draws_061,1,paul15,SAUCIE,local_pseudotime_retention,continuum_within_lineage,stored_8Mk,1999
draws_062,0,paul15,UMAP,pseudotime_distance_correlation,continuum_unrestricted,stored_8Mk,1999
draws_062,1,paul15,UMAP,local_pseudotime_retention,continuum_unrestricted,stored_8Mk,1999
draws_063,0,paul15,UMAP,pseudotime_distance_correlation,continuum_within_lineage,stored_8Mk,1999
draws_063,1,paul15,UMAP,local_pseudotime_retention,continuum_within_lineage,stored_8Mk,1999
draws_064,0,paul15,PHATE,pseudotime_distance_correlation,continuum_unrestricted,stored_8Mk,1999
draws_064,1,paul15,PHATE,local_pseudotime_retention,continuum_unrestricted,stored_8Mk,1999
draws_065,0,paul15,PHATE,pseudotime_distance_correlation,continuum_within_lineage,stored_8Mk,1999
draws_065,1,paul15,PHATE,local_pseudotime_retention,continuum_within_lineage,stored_8Mk,1999
draws_066,0,paul15,t-SNE,pseudotime_distance_correlation,continuum_unrestricted,stored_8Mk,1999
draws_066,1,paul15,t-SNE,local_pseudotime_retention,continuum_unrestricted,stored_8Mk,1999
draws_067,0,paul15,t-SNE,pseudotime_distance_correlation,continuum_within_lineage,stored_8Mk,1999
draws_067,1,paul15,t-SNE,local_pseudotime_retention,continuum_within_lineage,stored_8Mk,1999
draws_068,0,paul15,PaCMAP,pseudotime_distance_correlation,continuum_unrestricted,stored_8Mk,1999
draws_068,1,paul15,PaCMAP,local_pseudotime_retention,continuum_unrestricted,stored_8Mk,1999
draws_069,0,paul15,PaCMAP,pseudotime_distance_correlation,continuum_within_lineage,stored_8Mk,1999
draws_069,1,paul15,PaCMAP,local_pseudotime_retention,continuum_within_lineage,stored_8Mk,1999
draws_070,0,paul15,scVI,pseudotime_distance_correlation,continuum_unrestricted,stored_8Mk,1999
draws_070,1,paul15,scVI,local_pseudotime_retention,continuum_unrestricted,stored_8Mk,1999
draws_071,0,paul15,scVI,pseudotime_distance_correlation,continuum_within_lineage,stored_8Mk,1999
draws_071,1,paul15,scVI,local_pseudotime_retention,continuum_within_lineage,stored_8Mk,1999
draws_072,0,paul15,PCA,pseudotime_distance_correlation,continuum_unrestricted,7MEP,1999
draws_072,1,paul15,PCA,local_pseudotime_retention,continuum_unrestricted,7MEP,1999
draws_073,0,paul15,PCA,pseudotime_distance_correlation,continuum_within_lineage,7MEP,1999
draws_073,1,paul15,PCA,local_pseudotime_retention,continuum_within_lineage,7MEP,1999
draws_074,0,paul15,GLM-PCA,pseudotime_distance_correlation,continuum_unrestricted,7MEP,1999
draws_074,1,paul15,GLM-PCA,local_pseudotime_retention,continuum_unrestricted,7MEP,1999
draws_075,0,paul15,GLM-PCA,pseudotime_distance_correlation,continuum_within_lineage,7MEP,1999
draws_075,1,paul15,GLM-PCA,local_pseudotime_retention,continuum_within_lineage,7MEP,1999
draws_076,0,paul15,scScope,pseudotime_distance_correlation,continuum_unrestricted,7MEP,1999
draws_076,1,paul15,scScope,local_pseudotime_retention,continuum_unrestricted,7MEP,1999
draws_077,0,paul15,scScope,pseudotime_distance_correlation,continuum_within_lineage,7MEP,1999
draws_077,1,paul15,scScope,local_pseudotime_retention,continuum_within_lineage,7MEP,1999
draws_078,0,paul15,SAUCIE,pseudotime_distance_correlation,continuum_unrestricted,7MEP,1999
draws_078,1,paul15,SAUCIE,local_pseudotime_retention,continuum_unrestricted,7MEP,1999
draws_079,0,paul15,SAUCIE,pseudotime_distance_correlation,continuum_within_lineage,7MEP,1999
draws_079,1,paul15,SAUCIE,local_pseudotime_retention,continuum_within_lineage,7MEP,1999
draws_080,0,paul15,UMAP,pseudotime_distance_correlation,continuum_unrestricted,7MEP,1999
draws_080,1,paul15,UMAP,local_pseudotime_retention,continuum_unrestricted,7MEP,1999
draws_081,0,paul15,UMAP,pseudotime_distance_correlation,continuum_within_lineage,7MEP,1999
draws_081,1,paul15,UMAP,local_pseudotime_retention,continuum_within_lineage,7MEP,1999
draws_082,0,paul15,PHATE,pseudotime_distance_correlation,continuum_unrestricted,7MEP,1999
draws_082,1,paul15,PHATE,local_pseudotime_retention,continuum_unrestricted,7MEP,1999
draws_083,0,paul15,PHATE,pseudotime_distance_correlation,continuum_within_lineage,7MEP,1999
draws_083,1,paul15,PHATE,local_pseudotime_retention,continuum_within_lineage,7MEP,1999
draws_084,0,paul15,t-SNE,pseudotime_distance_correlation,continuum_unrestricted,7MEP,1999
draws_084,1,paul15,t-SNE,local_pseudotime_retention,continuum_unrestricted,7MEP,1999
draws_085,0,paul15,t-SNE,pseudotime_distance_correlation,continuum_within_lineage,7MEP,1999
draws_085,1,paul15,t-SNE,local_pseudotime_retention,continuum_within_lineage,7MEP,1999
draws_086,0,paul15,PaCMAP,pseudotime_distance_correlation,continuum_unrestricted,7MEP,1999
draws_086,1,paul15,PaCMAP,local_pseudotime_retention,continuum_unrestricted,7MEP,1999
draws_087,0,paul15,PaCMAP,pseudotime_distance_correlation,continuum_within_lineage,7MEP,1999
draws_087,1,paul15,PaCMAP,local_pseudotime_retention,continuum_within_lineage,7MEP,1999
draws_088,0,paul15,scVI,pseudotime_distance_correlation,continuum_unrestricted,7MEP,1999
draws_088,1,paul15,scVI,local_pseudotime_retention,continuum_unrestricted,7MEP,1999
draws_089,0,paul15,scVI,pseudotime_distance_correlation,continuum_within_lineage,7MEP,1999
draws_089,1,paul15,scVI,local_pseudotime_retention,continuum_within_lineage,7MEP,1999
draws_090,0,paul15,PCA,pseudotime_distance_correlation,continuum_unrestricted,9GMP,1999
draws_090,1,paul15,PCA,local_pseudotime_retention,continuum_unrestricted,9GMP,1999
draws_091,0,paul15,PCA,pseudotime_distance_correlation,continuum_within_lineage,9GMP,1999
draws_091,1,paul15,PCA,local_pseudotime_retention,continuum_within_lineage,9GMP,1999
draws_092,0,paul15,GLM-PCA,pseudotime_distance_correlation,continuum_unrestricted,9GMP,1999
draws_092,1,paul15,GLM-PCA,local_pseudotime_retention,continuum_unrestricted,9GMP,1999
draws_093,0,paul15,GLM-PCA,pseudotime_distance_correlation,continuum_within_lineage,9GMP,1999
draws_093,1,paul15,GLM-PCA,local_pseudotime_retention,continuum_within_lineage,9GMP,1999
draws_094,0,paul15,scScope,pseudotime_distance_correlation,continuum_unrestricted,9GMP,1999
draws_094,1,paul15,scScope,local_pseudotime_retention,continuum_unrestricted,9GMP,1999
draws_095,0,paul15,scScope,pseudotime_distance_correlation,continuum_within_lineage,9GMP,1999
draws_095,1,paul15,scScope,local_pseudotime_retention,continuum_within_lineage,9GMP,1999
draws_096,0,paul15,SAUCIE,pseudotime_distance_correlation,continuum_unrestricted,9GMP,1999
draws_096,1,paul15,SAUCIE,local_pseudotime_retention,continuum_unrestricted,9GMP,1999
draws_097,0,paul15,SAUCIE,pseudotime_distance_correlation,continuum_within_lineage,9GMP,1999
draws_097,1,paul15,SAUCIE,local_pseudotime_retention,continuum_within_lineage,9GMP,1999
draws_098,0,paul15,UMAP,pseudotime_distance_correlation,continuum_unrestricted,9GMP,1999
draws_098,1,paul15,UMAP,local_pseudotime_retention,continuum_unrestricted,9GMP,1999
draws_099,0,paul15,UMAP,pseudotime_distance_correlation,continuum_within_lineage,9GMP,1999
draws_099,1,paul15,UMAP,local_pseudotime_retention,continuum_within_lineage,9GMP,1999
draws_100,0,paul15,PHATE,pseudotime_distance_correlation,continuum_unrestricted,9GMP,1999
draws_100,1,paul15,PHATE,local_pseudotime_retention,continuum_unrestricted,9GMP,1999
draws_101,0,paul15,PHATE,pseudotime_distance_correlation,continuum_within_lineage,9GMP,1999
draws_101,1,paul15,PHATE,local_pseudotime_retention,continuum_within_lineage,9GMP,1999
draws_102,0,paul15,t-SNE,pseudotime_distance_correlation,continuum_unrestricted,9GMP,1999
draws_102,1,paul15,t-SNE,local_pseudotime_retention,continuum_unrestricted,9GMP,1999
draws_103,0,paul15,t-SNE,pseudotime_distance_correlation,continuum_within_lineage,9GMP,1999
draws_103,1,paul15,t-SNE,local_pseudotime_retention,continuum_within_lineage,9GMP,1999
draws_104,0,paul15,PaCMAP,pseudotime_distance_correlation,continuum_unrestricted,9GMP,1999
draws_104,1,paul15,PaCMAP,local_pseudotime_retention,continuum_unrestricted,9GMP,1999
draws_105,0,paul15,PaCMAP,pseudotime_distance_correlation,continuum_within_lineage,9GMP,1999
draws_105,1,paul15,PaCMAP,local_pseudotime_retention,continuum_within_lineage,9GMP,1999
draws_106,0,paul15,scVI,pseudotime_distance_correlation,continuum_unrestricted,9GMP,1999
draws_106,1,paul15,scVI,local_pseudotime_retention,continuum_unrestricted,9GMP,1999
draws_107,0,paul15,scVI,pseudotime_distance_correlation,continuum_within_lineage,9GMP,1999
draws_107,1,paul15,scVI,local_pseudotime_retention,continuum_within_lineage,9GMP,1999
draws_108,0,paul15,PCA,pseudotime_distance_correlation,continuum_unrestricted,1Ery,1999
draws_108,1,paul15,PCA,local_pseudotime_retention,continuum_unrestricted,1Ery,1999
draws_109,0,paul15,PCA,pseudotime_distance_correlation,continuum_within_lineage,1Ery,1999
draws_109,1,paul15,PCA,local_pseudotime_retention,continuum_within_lineage,1Ery,1999
draws_110,0,paul15,GLM-PCA,pseudotime_distance_correlation,continuum_unrestricted,1Ery,1999
draws_110,1,paul15,GLM-PCA,local_pseudotime_retention,continuum_unrestricted,1Ery,1999
draws_111,0,paul15,GLM-PCA,pseudotime_distance_correlation,continuum_within_lineage,1Ery,1999
draws_111,1,paul15,GLM-PCA,local_pseudotime_retention,continuum_within_lineage,1Ery,1999
draws_112,0,paul15,scScope,pseudotime_distance_correlation,continuum_unrestricted,1Ery,1999
draws_112,1,paul15,scScope,local_pseudotime_retention,continuum_unrestricted,1Ery,1999
draws_113,0,paul15,scScope,pseudotime_distance_correlation,continuum_within_lineage,1Ery,1999
draws_113,1,paul15,scScope,local_pseudotime_retention,continuum_within_lineage,1Ery,1999
draws_114,0,paul15,SAUCIE,pseudotime_distance_correlation,continuum_unrestricted,1Ery,1999
draws_114,1,paul15,SAUCIE,local_pseudotime_retention,continuum_unrestricted,1Ery,1999
draws_115,0,paul15,SAUCIE,pseudotime_distance_correlation,continuum_within_lineage,1Ery,1999
draws_115,1,paul15,SAUCIE,local_pseudotime_retention,continuum_within_lineage,1Ery,1999
draws_116,0,paul15,UMAP,pseudotime_distance_correlation,continuum_unrestricted,1Ery,1999
draws_116,1,paul15,UMAP,local_pseudotime_retention,continuum_unrestricted,1Ery,1999
draws_117,0,paul15,UMAP,pseudotime_distance_correlation,continuum_within_lineage,1Ery,1999
draws_117,1,paul15,UMAP,local_pseudotime_retention,continuum_within_lineage,1Ery,1999
draws_118,0,paul15,PHATE,pseudotime_distance_correlation,continuum_unrestricted,1Ery,1999
draws_118,1,paul15,PHATE,local_pseudotime_retention,continuum_unrestricted,1Ery,1999
draws_119,0,paul15,PHATE,pseudotime_distance_correlation,continuum_within_lineage,1Ery,1999
draws_119,1,paul15,PHATE,local_pseudotime_retention,continuum_within_lineage,1Ery,1999
draws_120,0,paul15,t-SNE,pseudotime_distance_correlation,continuum_unrestricted,1Ery,1999
draws_120,1,paul15,t-SNE,local_pseudotime_retention,continuum_unrestricted,1Ery,1999
draws_121,0,paul15,t-SNE,pseudotime_distance_correlation,continuum_within_lineage,1Ery,1999
draws_121,1,paul15,t-SNE,local_pseudotime_retention,continuum_within_lineage,1Ery,1999
draws_122,0,paul15,PaCMAP,pseudotime_distance_correlation,continuum_unrestricted,1Ery,1999
draws_122,1,paul15,PaCMAP,local_pseudotime_retention,continuum_unrestricted,1Ery,1999
draws_123,0,paul15,PaCMAP,pseudotime_distance_correlation,continuum_within_lineage,1Ery,1999
draws_123,1,paul15,PaCMAP,local_pseudotime_retention,continuum_within_lineage,1Ery,1999
draws_124,0,paul15,scVI,pseudotime_distance_correlation,continuum_unrestricted,1Ery,1999
draws_124,1,paul15,scVI,local_pseudotime_retention,continuum_unrestricted,1Ery,1999
draws_125,0,paul15,scVI,pseudotime_distance_correlation,continuum_within_lineage,1Ery,1999
draws_125,1,paul15,scVI,local_pseudotime_retention,continuum_within_lineage,1Ery,1999
draws_126,0,heart_cell_atlas_subsampled,PCA,local_retention,geometry_unrestricted,,1999
draws_126,1,heart_cell_atlas_subsampled,PCA,trustworthiness,geometry_unrestricted,,1999
draws_126,2,heart_cell_atlas_subsampled,PCA,global_rank_corr,geometry_unrestricted,,1999
draws_127,0,heart_cell_atlas_subsampled,PCA,local_retention,geometry_within_annotation,,1999
draws_127,1,heart_cell_atlas_subsampled,PCA,trustworthiness,geometry_within_annotation,,1999
draws_127,2,heart_cell_atlas_subsampled,PCA,global_rank_corr,geometry_within_annotation,,1999
draws_128,0,heart_cell_atlas_subsampled,PCA,label_neighbor_recall,annotation_unrestricted,,1999
draws_129,0,heart_cell_atlas_subsampled,PCA,label_neighbor_recall,annotation_within_donor,,1999
draws_130,0,heart_cell_atlas_subsampled,PCA,donor_entropy,donor_within_cell_type,,1999
draws_131,0,heart_cell_atlas_subsampled,GLM-PCA,local_retention,geometry_unrestricted,,1999
draws_131,1,heart_cell_atlas_subsampled,GLM-PCA,trustworthiness,geometry_unrestricted,,1999
draws_131,2,heart_cell_atlas_subsampled,GLM-PCA,global_rank_corr,geometry_unrestricted,,1999
draws_132,0,heart_cell_atlas_subsampled,GLM-PCA,local_retention,geometry_within_annotation,,1999
draws_132,1,heart_cell_atlas_subsampled,GLM-PCA,trustworthiness,geometry_within_annotation,,1999
draws_132,2,heart_cell_atlas_subsampled,GLM-PCA,global_rank_corr,geometry_within_annotation,,1999
draws_133,0,heart_cell_atlas_subsampled,GLM-PCA,label_neighbor_recall,annotation_unrestricted,,1999
draws_134,0,heart_cell_atlas_subsampled,GLM-PCA,label_neighbor_recall,annotation_within_donor,,1999
draws_135,0,heart_cell_atlas_subsampled,GLM-PCA,donor_entropy,donor_within_cell_type,,1999
draws_136,0,heart_cell_atlas_subsampled,scScope,local_retention,geometry_unrestricted,,1999
draws_136,1,heart_cell_atlas_subsampled,scScope,trustworthiness,geometry_unrestricted,,1999
draws_136,2,heart_cell_atlas_subsampled,scScope,global_rank_corr,geometry_unrestricted,,1999
draws_137,0,heart_cell_atlas_subsampled,scScope,local_retention,geometry_within_annotation,,1999
draws_137,1,heart_cell_atlas_subsampled,scScope,trustworthiness,geometry_within_annotation,,1999
draws_137,2,heart_cell_atlas_subsampled,scScope,global_rank_corr,geometry_within_annotation,,1999
draws_138,0,heart_cell_atlas_subsampled,scScope,label_neighbor_recall,annotation_unrestricted,,1999
draws_139,0,heart_cell_atlas_subsampled,scScope,label_neighbor_recall,annotation_within_donor,,1999
draws_140,0,heart_cell_atlas_subsampled,scScope,donor_entropy,donor_within_cell_type,,1999
draws_141,0,heart_cell_atlas_subsampled,SAUCIE,local_retention,geometry_unrestricted,,1999
draws_141,1,heart_cell_atlas_subsampled,SAUCIE,trustworthiness,geometry_unrestricted,,1999
draws_141,2,heart_cell_atlas_subsampled,SAUCIE,global_rank_corr,geometry_unrestricted,,1999
draws_142,0,heart_cell_atlas_subsampled,SAUCIE,local_retention,geometry_within_annotation,,1999
draws_142,1,heart_cell_atlas_subsampled,SAUCIE,trustworthiness,geometry_within_annotation,,1999
draws_142,2,heart_cell_atlas_subsampled,SAUCIE,global_rank_corr,geometry_within_annotation,,1999
draws_143,0,heart_cell_atlas_subsampled,SAUCIE,label_neighbor_recall,annotation_unrestricted,,1999
draws_144,0,heart_cell_atlas_subsampled,SAUCIE,label_neighbor_recall,annotation_within_donor,,1999
draws_145,0,heart_cell_atlas_subsampled,SAUCIE,donor_entropy,donor_within_cell_type,,1999
draws_146,0,heart_cell_atlas_subsampled,UMAP,local_retention,geometry_unrestricted,,1999
draws_146,1,heart_cell_atlas_subsampled,UMAP,trustworthiness,geometry_unrestricted,,1999
draws_146,2,heart_cell_atlas_subsampled,UMAP,global_rank_corr,geometry_unrestricted,,1999
draws_147,0,heart_cell_atlas_subsampled,UMAP,local_retention,geometry_within_annotation,,1999
draws_147,1,heart_cell_atlas_subsampled,UMAP,trustworthiness,geometry_within_annotation,,1999
draws_147,2,heart_cell_atlas_subsampled,UMAP,global_rank_corr,geometry_within_annotation,,1999
draws_148,0,heart_cell_atlas_subsampled,UMAP,label_neighbor_recall,annotation_unrestricted,,1999
draws_149,0,heart_cell_atlas_subsampled,UMAP,label_neighbor_recall,annotation_within_donor,,1999
draws_150,0,heart_cell_atlas_subsampled,UMAP,donor_entropy,donor_within_cell_type,,1999
draws_151,0,heart_cell_atlas_subsampled,PHATE,local_retention,geometry_unrestricted,,1999
draws_151,1,heart_cell_atlas_subsampled,PHATE,trustworthiness,geometry_unrestricted,,1999
draws_151,2,heart_cell_atlas_subsampled,PHATE,global_rank_corr,geometry_unrestricted,,1999
draws_152,0,heart_cell_atlas_subsampled,PHATE,local_retention,geometry_within_annotation,,1999
draws_152,1,heart_cell_atlas_subsampled,PHATE,trustworthiness,geometry_within_annotation,,1999
draws_152,2,heart_cell_atlas_subsampled,PHATE,global_rank_corr,geometry_within_annotation,,1999
draws_153,0,heart_cell_atlas_subsampled,PHATE,label_neighbor_recall,annotation_unrestricted,,1999
draws_154,0,heart_cell_atlas_subsampled,PHATE,label_neighbor_recall,annotation_within_donor,,1999
draws_155,0,heart_cell_atlas_subsampled,PHATE,donor_entropy,donor_within_cell_type,,1999
draws_156,0,heart_cell_atlas_subsampled,t-SNE,local_retention,geometry_unrestricted,,1999
draws_156,1,heart_cell_atlas_subsampled,t-SNE,trustworthiness,geometry_unrestricted,,1999
draws_156,2,heart_cell_atlas_subsampled,t-SNE,global_rank_corr,geometry_unrestricted,,1999
draws_157,0,heart_cell_atlas_subsampled,t-SNE,local_retention,geometry_within_annotation,,1999
draws_157,1,heart_cell_atlas_subsampled,t-SNE,trustworthiness,geometry_within_annotation,,1999
draws_157,2,heart_cell_atlas_subsampled,t-SNE,global_rank_corr,geometry_within_annotation,,1999
draws_158,0,heart_cell_atlas_subsampled,t-SNE,label_neighbor_recall,annotation_unrestricted,,1999
draws_159,0,heart_cell_atlas_subsampled,t-SNE,label_neighbor_recall,annotation_within_donor,,1999
draws_160,0,heart_cell_atlas_subsampled,t-SNE,donor_entropy,donor_within_cell_type,,1999
draws_161,0,heart_cell_atlas_subsampled,PaCMAP,local_retention,geometry_unrestricted,,1999
draws_161,1,heart_cell_atlas_subsampled,PaCMAP,trustworthiness,geometry_unrestricted,,1999
draws_161,2,heart_cell_atlas_subsampled,PaCMAP,global_rank_corr,geometry_unrestricted,,1999
draws_162,0,heart_cell_atlas_subsampled,PaCMAP,local_retention,geometry_within_annotation,,1999
draws_162,1,heart_cell_atlas_subsampled,PaCMAP,trustworthiness,geometry_within_annotation,,1999
draws_162,2,heart_cell_atlas_subsampled,PaCMAP,global_rank_corr,geometry_within_annotation,,1999
draws_163,0,heart_cell_atlas_subsampled,PaCMAP,label_neighbor_recall,annotation_unrestricted,,1999
draws_164,0,heart_cell_atlas_subsampled,PaCMAP,label_neighbor_recall,annotation_within_donor,,1999
draws_165,0,heart_cell_atlas_subsampled,PaCMAP,donor_entropy,donor_within_cell_type,,1999
draws_166,0,heart_cell_atlas_subsampled,scVI,local_retention,geometry_unrestricted,,1999
draws_166,1,heart_cell_atlas_subsampled,scVI,trustworthiness,geometry_unrestricted,,1999
draws_166,2,heart_cell_atlas_subsampled,scVI,global_rank_corr,geometry_unrestricted,,1999
draws_167,0,heart_cell_atlas_subsampled,scVI,local_retention,geometry_within_annotation,,1999
draws_167,1,heart_cell_atlas_subsampled,scVI,trustworthiness,geometry_within_annotation,,1999
draws_167,2,heart_cell_atlas_subsampled,scVI,global_rank_corr,geometry_within_annotation,,1999
draws_168,0,heart_cell_atlas_subsampled,scVI,label_neighbor_recall,annotation_unrestricted,,1999
draws_169,0,heart_cell_atlas_subsampled,scVI,label_neighbor_recall,annotation_within_donor,,1999
draws_170,0,heart_cell_atlas_subsampled,scVI,donor_entropy,donor_within_cell_type,,1999
