dataset_id,output_dimension,seed_a,seed_b,metric,value,n_cells,k,sampled_pairs
pbmc3k,2,0,1,neighbour_overlap,0.0856709628506,2638,15,5000
pbmc3k,2,0,1,distance_rank_stability,0.60818808534,2638,15,5000
pbmc3k,2,0,2,neighbour_overlap,0.0962850644428,2638,15,5000
pbmc3k,2,0,2,distance_rank_stability,0.616938717148,2638,15,5000
pbmc3k,2,0,3,neighbour_overlap,0.0714682840536,2638,15,5000
pbmc3k,2,0,3,distance_rank_stability,0.63579698997,2638,15,5000
pbmc3k,2,0,4,neighbour_overlap,0.0880464998736,2638,15,5000
pbmc3k,2,0,4,distance_rank_stability,0.65310416817,2638,15,5000
pbmc3k,2,1,2,neighbour_overlap,0.145463735153,2638,15,5000
pbmc3k,2,1,2,distance_rank_stability,0.93079315773,2638,15,5000
pbmc3k,2,1,3,neighbour_overlap,0.099115491534,2638,15,5000
pbmc3k,2,1,3,distance_rank_stability,0.820822569759,2638,15,5000
pbmc3k,2,1,4,neighbour_overlap,0.13037654789,2638,15,5000
pbmc3k,2,1,4,distance_rank_stability,0.844060880292,2638,15,5000
pbmc3k,2,2,3,neighbour_overlap,0.100859236796,2638,15,5000
pbmc3k,2,2,3,distance_rank_stability,0.782385180438,2638,15,5000
pbmc3k,2,2,4,neighbour_overlap,0.13426838514,2638,15,5000
pbmc3k,2,2,4,distance_rank_stability,0.812433875917,2638,15,5000
pbmc3k,2,3,4,neighbour_overlap,0.121859994946,2638,15,5000
pbmc3k,2,3,4,distance_rank_stability,0.916159662198,2638,15,5000
pbmc3k,10,0,1,neighbour_overlap,0.0778620166793,2638,15,5000
pbmc3k,10,0,1,distance_rank_stability,0.61869094973,2638,15,5000
pbmc3k,10,0,2,neighbour_overlap,0.0797068486227,2638,15,5000
pbmc3k,10,0,2,distance_rank_stability,0.620638773585,2638,15,5000
pbmc3k,10,0,3,neighbour_overlap,0.0761435430882,2638,15,5000
pbmc3k,10,0,3,distance_rank_stability,0.646379198075,2638,15,5000
pbmc3k,10,0,4,neighbour_overlap,0.0777609299975,2638,15,5000
pbmc3k,10,0,4,distance_rank_stability,0.601976629443,2638,15,5000
pbmc3k,10,1,2,neighbour_overlap,0.0781905483952,2638,15,5000
pbmc3k,10,1,2,distance_rank_stability,0.612907331962,2638,15,5000
pbmc3k,10,1,3,neighbour_overlap,0.0769269648724,2638,15,5000
pbmc3k,10,1,3,distance_rank_stability,0.610907103722,2638,15,5000
pbmc3k,10,1,4,neighbour_overlap,0.0715440990649,2638,15,5000
pbmc3k,10,1,4,distance_rank_stability,0.602496591192,2638,15,5000
pbmc3k,10,2,3,neighbour_overlap,0.0790245135203,2638,15,5000
pbmc3k,10,2,3,distance_rank_stability,0.635349815424,2638,15,5000
pbmc3k,10,2,4,neighbour_overlap,0.0762193580996,2638,15,5000
pbmc3k,10,2,4,distance_rank_stability,0.591668242436,2638,15,5000
pbmc3k,10,3,4,neighbour_overlap,0.0742987111448,2638,15,5000
pbmc3k,10,3,4,distance_rank_stability,0.60072887112,2638,15,5000
paul15,2,0,1,neighbour_overlap,0.360854700855,2730,15,5000
paul15,2,0,1,distance_rank_stability,0.983541134764,2730,15,5000
paul15,2,0,2,neighbour_overlap,0.259267399267,2730,15,5000
paul15,2,0,2,distance_rank_stability,0.8504605349,2730,15,5000
paul15,2,0,3,neighbour_overlap,0.350964590965,2730,15,5000
paul15,2,0,3,distance_rank_stability,0.970369004668,2730,15,5000
paul15,2,0,4,neighbour_overlap,0.328302808303,2730,15,5000
paul15,2,0,4,distance_rank_stability,0.972971962692,2730,15,5000
paul15,2,1,2,neighbour_overlap,0.270280830281,2730,15,5000
paul15,2,1,2,distance_rank_stability,0.84303121585,2730,15,5000
paul15,2,1,3,neighbour_overlap,0.363931623932,2730,15,5000
paul15,2,1,3,distance_rank_stability,0.978250633496,2730,15,5000
paul15,2,1,4,neighbour_overlap,0.328058608059,2730,15,5000
paul15,2,1,4,distance_rank_stability,0.970612005638,2730,15,5000
paul15,2,2,3,neighbour_overlap,0.261831501832,2730,15,5000
paul15,2,2,3,distance_rank_stability,0.857209586787,2730,15,5000
paul15,2,2,4,neighbour_overlap,0.250158730159,2730,15,5000
paul15,2,2,4,distance_rank_stability,0.825239338241,2730,15,5000
paul15,2,3,4,neighbour_overlap,0.325616605617,2730,15,5000
paul15,2,3,4,distance_rank_stability,0.954413446716,2730,15,5000
paul15,10,0,1,neighbour_overlap,0.275628815629,2730,15,5000
paul15,10,0,1,distance_rank_stability,0.801344339395,2730,15,5000
paul15,10,0,2,neighbour_overlap,0.256605616606,2730,15,5000
paul15,10,0,2,distance_rank_stability,0.766465709388,2730,15,5000
paul15,10,0,3,neighbour_overlap,0.28547008547,2730,15,5000
paul15,10,0,3,distance_rank_stability,0.792105840272,2730,15,5000
paul15,10,0,4,neighbour_overlap,0.263345543346,2730,15,5000
paul15,10,0,4,distance_rank_stability,0.772528780575,2730,15,5000
paul15,10,1,2,neighbour_overlap,0.270183150183,2730,15,5000
paul15,10,1,2,distance_rank_stability,0.806574901044,2730,15,5000
paul15,10,1,3,neighbour_overlap,0.281562881563,2730,15,5000
paul15,10,1,3,distance_rank_stability,0.811066951273,2730,15,5000
paul15,10,1,4,neighbour_overlap,0.283199023199,2730,15,5000
paul15,10,1,4,distance_rank_stability,0.797573192267,2730,15,5000
paul15,10,2,3,neighbour_overlap,0.274652014652,2730,15,5000
paul15,10,2,3,distance_rank_stability,0.786865799582,2730,15,5000
paul15,10,2,4,neighbour_overlap,0.262417582418,2730,15,5000
paul15,10,2,4,distance_rank_stability,0.760873344172,2730,15,5000
paul15,10,3,4,neighbour_overlap,0.276312576313,2730,15,5000
paul15,10,3,4,distance_rank_stability,0.75777939384,2730,15,5000
heart_cell_atlas_subsampled,2,0,1,neighbour_overlap,0.112008333333,8000,15,5000
heart_cell_atlas_subsampled,2,0,1,distance_rank_stability,0.738673976318,8000,15,5000
heart_cell_atlas_subsampled,2,0,2,neighbour_overlap,0.114041666667,8000,15,5000
heart_cell_atlas_subsampled,2,0,2,distance_rank_stability,0.838471094331,8000,15,5000
heart_cell_atlas_subsampled,2,0,3,neighbour_overlap,0.115283333333,8000,15,5000
heart_cell_atlas_subsampled,2,0,3,distance_rank_stability,0.714600731002,8000,15,5000
heart_cell_atlas_subsampled,2,0,4,neighbour_overlap,0.0806416666667,8000,15,5000
heart_cell_atlas_subsampled,2,0,4,distance_rank_stability,0.639625835168,8000,15,5000
heart_cell_atlas_subsampled,2,1,2,neighbour_overlap,0.0960833333333,8000,15,5000
heart_cell_atlas_subsampled,2,1,2,distance_rank_stability,0.715759192905,8000,15,5000
heart_cell_atlas_subsampled,2,1,3,neighbour_overlap,0.134333333333,8000,15,5000
heart_cell_atlas_subsampled,2,1,3,distance_rank_stability,0.907280406719,8000,15,5000
heart_cell_atlas_subsampled,2,1,4,neighbour_overlap,0.0882416666667,8000,15,5000
heart_cell_atlas_subsampled,2,1,4,distance_rank_stability,0.650524063572,8000,15,5000
heart_cell_atlas_subsampled,2,2,3,neighbour_overlap,0.09055,8000,15,5000
heart_cell_atlas_subsampled,2,2,3,distance_rank_stability,0.697405318602,8000,15,5000
heart_cell_atlas_subsampled,2,2,4,neighbour_overlap,0.0882166666667,8000,15,5000
heart_cell_atlas_subsampled,2,2,4,distance_rank_stability,0.684665462027,8000,15,5000
heart_cell_atlas_subsampled,2,3,4,neighbour_overlap,0.094675,8000,15,5000
heart_cell_atlas_subsampled,2,3,4,distance_rank_stability,0.715288451606,8000,15,5000
heart_cell_atlas_subsampled,10,0,1,neighbour_overlap,0.302908333333,8000,15,5000
heart_cell_atlas_subsampled,10,0,1,distance_rank_stability,0.836076356187,8000,15,5000
heart_cell_atlas_subsampled,10,0,2,neighbour_overlap,0.299375,8000,15,5000
heart_cell_atlas_subsampled,10,0,2,distance_rank_stability,0.818607695424,8000,15,5000
heart_cell_atlas_subsampled,10,0,3,neighbour_overlap,0.287741666667,8000,15,5000
heart_cell_atlas_subsampled,10,0,3,distance_rank_stability,0.819917124532,8000,15,5000
heart_cell_atlas_subsampled,10,0,4,neighbour_overlap,0.301358333333,8000,15,5000
heart_cell_atlas_subsampled,10,0,4,distance_rank_stability,0.836409714089,8000,15,5000
heart_cell_atlas_subsampled,10,1,2,neighbour_overlap,0.312266666667,8000,15,5000
heart_cell_atlas_subsampled,10,1,2,distance_rank_stability,0.848056416123,8000,15,5000
heart_cell_atlas_subsampled,10,1,3,neighbour_overlap,0.3214,8000,15,5000
heart_cell_atlas_subsampled,10,1,3,distance_rank_stability,0.852566919856,8000,15,5000
heart_cell_atlas_subsampled,10,1,4,neighbour_overlap,0.312325,8000,15,5000
heart_cell_atlas_subsampled,10,1,4,distance_rank_stability,0.842016884905,8000,15,5000
heart_cell_atlas_subsampled,10,2,3,neighbour_overlap,0.327566666667,8000,15,5000
heart_cell_atlas_subsampled,10,2,3,distance_rank_stability,0.856233771522,8000,15,5000
heart_cell_atlas_subsampled,10,2,4,neighbour_overlap,0.326175,8000,15,5000
heart_cell_atlas_subsampled,10,2,4,distance_rank_stability,0.847823302674,8000,15,5000
heart_cell_atlas_subsampled,10,3,4,neighbour_overlap,0.3337,8000,15,5000
heart_cell_atlas_subsampled,10,3,4,distance_rank_stability,0.873395275186,8000,15,5000
