dataset_id,output_dimension,seed,reference_dimension,metric,value,n_cells,k
pbmc3k,2,0,2,local_retention,0.0806,1000,15
pbmc3k,2,0,5,local_retention,0.1036,1000,15
pbmc3k,2,0,10,local_retention,0.111866666667,1000,15
pbmc3k,2,0,20,local_retention,0.104266666667,1000,15
pbmc3k,2,0,50,local_retention,0.0906,1000,15
pbmc3k,2,1,2,local_retention,0.0768666666667,1000,15
pbmc3k,2,1,5,local_retention,0.116533333333,1000,15
pbmc3k,2,1,10,local_retention,0.113666666667,1000,15
pbmc3k,2,1,20,local_retention,0.104933333333,1000,15
pbmc3k,2,1,50,local_retention,0.091,1000,15
pbmc3k,2,2,2,local_retention,0.0801333333333,1000,15
pbmc3k,2,2,5,local_retention,0.1204,1000,15
pbmc3k,2,2,10,local_retention,0.122466666667,1000,15
pbmc3k,2,2,20,local_retention,0.1106,1000,15
pbmc3k,2,2,50,local_retention,0.0962666666667,1000,15
pbmc3k,2,3,2,local_retention,0.0754,1000,15
pbmc3k,2,3,5,local_retention,0.1036,1000,15
pbmc3k,2,3,10,local_retention,0.1072,1000,15
pbmc3k,2,3,20,local_retention,0.0939333333333,1000,15
pbmc3k,2,3,50,local_retention,0.0827333333333,1000,15
pbmc3k,2,4,2,local_retention,0.0751333333333,1000,15
pbmc3k,2,4,5,local_retention,0.112866666667,1000,15
pbmc3k,2,4,10,local_retention,0.119266666667,1000,15
pbmc3k,2,4,20,local_retention,0.1068,1000,15
pbmc3k,2,4,50,local_retention,0.0952666666667,1000,15
pbmc3k,10,0,2,local_retention,0.0758666666667,1000,15
pbmc3k,10,0,5,local_retention,0.0948666666667,1000,15
pbmc3k,10,0,10,local_retention,0.1096,1000,15
pbmc3k,10,0,20,local_retention,0.108466666667,1000,15
pbmc3k,10,0,50,local_retention,0.0972666666667,1000,15
pbmc3k,10,1,2,local_retention,0.0736666666667,1000,15
pbmc3k,10,1,5,local_retention,0.0989333333333,1000,15
pbmc3k,10,1,10,local_retention,0.118133333333,1000,15
pbmc3k,10,1,20,local_retention,0.112333333333,1000,15
pbmc3k,10,1,50,local_retention,0.106933333333,1000,15
pbmc3k,10,2,2,local_retention,0.0796666666667,1000,15
pbmc3k,10,2,5,local_retention,0.102666666667,1000,15
pbmc3k,10,2,10,local_retention,0.123266666667,1000,15
pbmc3k,10,2,20,local_retention,0.121533333333,1000,15
pbmc3k,10,2,50,local_retention,0.109333333333,1000,15
pbmc3k,10,3,2,local_retention,0.074,1000,15
pbmc3k,10,3,5,local_retention,0.101333333333,1000,15
pbmc3k,10,3,10,local_retention,0.119133333333,1000,15
pbmc3k,10,3,20,local_retention,0.112866666667,1000,15
pbmc3k,10,3,50,local_retention,0.1058,1000,15
pbmc3k,10,4,2,local_retention,0.0750666666667,1000,15
pbmc3k,10,4,5,local_retention,0.104266666667,1000,15
pbmc3k,10,4,10,local_retention,0.123,1000,15
pbmc3k,10,4,20,local_retention,0.114733333333,1000,15
pbmc3k,10,4,50,local_retention,0.1018,1000,15
paul15,2,0,2,local_retention,0.100866666667,1000,15
paul15,2,0,5,local_retention,0.2356,1000,15
paul15,2,0,10,local_retention,0.237533333333,1000,15
paul15,2,0,20,local_retention,0.213,1000,15
paul15,2,0,50,local_retention,0.166533333333,1000,15
paul15,2,1,2,local_retention,0.104733333333,1000,15
paul15,2,1,5,local_retention,0.2358,1000,15
paul15,2,1,10,local_retention,0.243,1000,15
paul15,2,1,20,local_retention,0.2162,1000,15
paul15,2,1,50,local_retention,0.1672,1000,15
paul15,2,2,2,local_retention,0.1018,1000,15
paul15,2,2,5,local_retention,0.2224,1000,15
paul15,2,2,10,local_retention,0.218466666667,1000,15
paul15,2,2,20,local_retention,0.194333333333,1000,15
paul15,2,2,50,local_retention,0.154866666667,1000,15
paul15,2,3,2,local_retention,0.103666666667,1000,15
paul15,2,3,5,local_retention,0.2348,1000,15
paul15,2,3,10,local_retention,0.240866666667,1000,15
paul15,2,3,20,local_retention,0.2194,1000,15
paul15,2,3,50,local_retention,0.1702,1000,15
paul15,2,4,2,local_retention,0.102066666667,1000,15
paul15,2,4,5,local_retention,0.2372,1000,15
paul15,2,4,10,local_retention,0.235266666667,1000,15
paul15,2,4,20,local_retention,0.2086,1000,15
paul15,2,4,50,local_retention,0.162266666667,1000,15
paul15,10,0,2,local_retention,0.105933333333,1000,15
paul15,10,0,5,local_retention,0.211933333333,1000,15
paul15,10,0,10,local_retention,0.295666666667,1000,15
paul15,10,0,20,local_retention,0.346666666667,1000,15
paul15,10,0,50,local_retention,0.279733333333,1000,15
paul15,10,1,2,local_retention,0.103066666667,1000,15
paul15,10,1,5,local_retention,0.203866666667,1000,15
paul15,10,1,10,local_retention,0.288333333333,1000,15
paul15,10,1,20,local_retention,0.325533333333,1000,15
paul15,10,1,50,local_retention,0.2658,1000,15
paul15,10,2,2,local_retention,0.0990666666667,1000,15
paul15,10,2,5,local_retention,0.2038,1000,15
paul15,10,2,10,local_retention,0.287066666667,1000,15
paul15,10,2,20,local_retention,0.328066666667,1000,15
paul15,10,2,50,local_retention,0.266933333333,1000,15
paul15,10,3,2,local_retention,0.1048,1000,15
paul15,10,3,5,local_retention,0.211,1000,15
paul15,10,3,10,local_retention,0.2944,1000,15
paul15,10,3,20,local_retention,0.335733333333,1000,15
paul15,10,3,50,local_retention,0.267333333333,1000,15
paul15,10,4,2,local_retention,0.108133333333,1000,15
paul15,10,4,5,local_retention,0.213533333333,1000,15
paul15,10,4,10,local_retention,0.3,1000,15
paul15,10,4,20,local_retention,0.3414,1000,15
paul15,10,4,50,local_retention,0.283866666667,1000,15
heart_cell_atlas_subsampled,2,0,2,local_retention,0.143133333333,1000,15
heart_cell_atlas_subsampled,2,0,5,local_retention,0.2292,1000,15
heart_cell_atlas_subsampled,2,0,10,local_retention,0.279733333333,1000,15
heart_cell_atlas_subsampled,2,0,20,local_retention,0.2746,1000,15
heart_cell_atlas_subsampled,2,0,50,local_retention,0.263933333333,1000,15
heart_cell_atlas_subsampled,2,1,2,local_retention,0.154266666667,1000,15
heart_cell_atlas_subsampled,2,1,5,local_retention,0.251066666667,1000,15
heart_cell_atlas_subsampled,2,1,10,local_retention,0.2878,1000,15
heart_cell_atlas_subsampled,2,1,20,local_retention,0.2956,1000,15
heart_cell_atlas_subsampled,2,1,50,local_retention,0.2824,1000,15
heart_cell_atlas_subsampled,2,2,2,local_retention,0.1468,1000,15
heart_cell_atlas_subsampled,2,2,5,local_retention,0.229866666667,1000,15
heart_cell_atlas_subsampled,2,2,10,local_retention,0.279266666667,1000,15
heart_cell_atlas_subsampled,2,2,20,local_retention,0.273466666667,1000,15
heart_cell_atlas_subsampled,2,2,50,local_retention,0.260933333333,1000,15
heart_cell_atlas_subsampled,2,3,2,local_retention,0.1554,1000,15
heart_cell_atlas_subsampled,2,3,5,local_retention,0.244933333333,1000,15
heart_cell_atlas_subsampled,2,3,10,local_retention,0.293333333333,1000,15
heart_cell_atlas_subsampled,2,3,20,local_retention,0.281266666667,1000,15
heart_cell_atlas_subsampled,2,3,50,local_retention,0.263466666667,1000,15
heart_cell_atlas_subsampled,2,4,2,local_retention,0.148133333333,1000,15
heart_cell_atlas_subsampled,2,4,5,local_retention,0.231,1000,15
heart_cell_atlas_subsampled,2,4,10,local_retention,0.274733333333,1000,15
heart_cell_atlas_subsampled,2,4,20,local_retention,0.279866666667,1000,15
heart_cell_atlas_subsampled,2,4,50,local_retention,0.2604,1000,15
heart_cell_atlas_subsampled,10,0,2,local_retention,0.145,1000,15
heart_cell_atlas_subsampled,10,0,5,local_retention,0.227333333333,1000,15
heart_cell_atlas_subsampled,10,0,10,local_retention,0.264733333333,1000,15
heart_cell_atlas_subsampled,10,0,20,local_retention,0.342333333333,1000,15
heart_cell_atlas_subsampled,10,0,50,local_retention,0.4006,1000,15
heart_cell_atlas_subsampled,10,1,2,local_retention,0.137333333333,1000,15
heart_cell_atlas_subsampled,10,1,5,local_retention,0.215266666667,1000,15
heart_cell_atlas_subsampled,10,1,10,local_retention,0.2628,1000,15
heart_cell_atlas_subsampled,10,1,20,local_retention,0.341,1000,15
heart_cell_atlas_subsampled,10,1,50,local_retention,0.404466666667,1000,15
heart_cell_atlas_subsampled,10,2,2,local_retention,0.140933333333,1000,15
heart_cell_atlas_subsampled,10,2,5,local_retention,0.2186,1000,15
heart_cell_atlas_subsampled,10,2,10,local_retention,0.261066666667,1000,15
heart_cell_atlas_subsampled,10,2,20,local_retention,0.340333333333,1000,15
heart_cell_atlas_subsampled,10,2,50,local_retention,0.397733333333,1000,15
heart_cell_atlas_subsampled,10,3,2,local_retention,0.145666666667,1000,15
heart_cell_atlas_subsampled,10,3,5,local_retention,0.233,1000,15
heart_cell_atlas_subsampled,10,3,10,local_retention,0.275466666667,1000,15
heart_cell_atlas_subsampled,10,3,20,local_retention,0.3558,1000,15
heart_cell_atlas_subsampled,10,3,50,local_retention,0.417666666667,1000,15
heart_cell_atlas_subsampled,10,4,2,local_retention,0.1402,1000,15
heart_cell_atlas_subsampled,10,4,5,local_retention,0.226666666667,1000,15
heart_cell_atlas_subsampled,10,4,10,local_retention,0.2636,1000,15
heart_cell_atlas_subsampled,10,4,20,local_retention,0.347466666667,1000,15
heart_cell_atlas_subsampled,10,4,50,local_retention,0.41,1000,15
