method,resolution,median,low,high,n_embedding_seeds
GLM-PCA,0.2,0.6441391138,0.4821536126,0.6972595843,5
GLM-PCA,0.4,0.7231340079,0.5466121766,0.8414966801,5
GLM-PCA,0.6,0.7318449793,0.6134163244,0.7513646216,5
GLM-PCA,0.8,0.8197733822,0.6243860687,0.8355931004,5
GLM-PCA,1,0.81743069,0.7027325154,0.8355931004,5
GLM-PCA,1.2,0.8094372415,0.704326621,0.842465432,5
GLM-PCA,1.5,0.8315145658,0.7128058314,0.8744090362,5
GLM-PCA,2,0.8365363555,0.8125260741,0.8716432366,5
PCA,0.2,0.4915453384,0.4915453384,0.4915453384,5
PCA,0.4,0.5753764546,0.5753764546,0.5753764546,5
PCA,0.6,0.5969887308,0.5969887308,0.5969887308,5
PCA,0.8,0.595488817,0.595488817,0.595488817,5
PCA,1,0.5792663875,0.5792663875,0.5792663875,5
PCA,1.2,0.5788534943,0.5788534943,0.5788534943,5
PCA,1.5,0.5735378861,0.5735378861,0.5735378861,5
PCA,2,0.5804567814,0.5804567814,0.5804567814,5
PHATE,0.2,0.6621159207,0.6504746579,0.6879734934,5
PHATE,0.4,0.7824660223,0.6540046938,0.8040686025,5
PHATE,0.6,0.7764018731,0.6668621393,0.8040686025,5
PHATE,0.8,0.782598317,0.6880971493,0.8023797674,5
PHATE,1,0.7732709246,0.6847608269,0.7909355675,5
PHATE,1.2,0.7829117511,0.7729690656,0.7952790751,5
PHATE,1.5,0.7897985771,0.771140462,0.7984904864,5
PHATE,2,0.7891707384,0.7672378138,0.8058191567,5
PaCMAP,0.2,0.9062619062,0.8996031185,0.9091186192,5
PaCMAP,0.4,0.9050059303,0.8980722855,0.9107264108,5
PaCMAP,0.6,0.9043666017,0.8988811193,0.9095330661,5
PaCMAP,0.8,0.9006786208,0.8881250002,0.9126395457,5
PaCMAP,1,0.906192083,0.8990956935,0.9074804906,5
PaCMAP,1.2,0.9077799674,0.899264844,0.9169767565,5
PaCMAP,1.5,0.9072268386,0.9055046497,0.9111081693,5
PaCMAP,2,0.9089108952,0.9057917677,0.9203680055,5
SAUCIE,0.2,0.6290633424,0.5685750866,0.6733605467,5
SAUCIE,0.4,0.6670147676,0.6136084538,0.7654514117,5
SAUCIE,0.6,0.6731755586,0.6700263856,0.7643114832,5
SAUCIE,0.8,0.7586186166,0.6579590051,0.8611510199,5
SAUCIE,1,0.7532469648,0.6727412577,0.8611510199,5
SAUCIE,1.2,0.7538436869,0.6727412577,0.8611510199,5
SAUCIE,1.5,0.7567657186,0.7439182147,0.8636058028,5
SAUCIE,2,0.765975142,0.7544288925,0.8637283689,5
UMAP,0.2,0.8999289756,0.7890266943,0.9177246634,5
UMAP,0.4,0.9278091499,0.9188620854,0.9374463843,5
UMAP,0.6,0.9244766858,0.9177546034,0.935326975,5
UMAP,0.8,0.9327817937,0.9249689277,0.9348879995,5
UMAP,1,0.9277739786,0.9167514169,0.9326788561,5
UMAP,1.2,0.9274550693,0.9167514169,0.9343897459,5
UMAP,1.5,0.9167609846,0.9105244238,0.9304174107,5
UMAP,2,0.9278831394,0.9228246298,0.936017008,5
scScope,0.2,0.4843250491,0.4145026415,0.5567463156,5
scScope,0.4,0.5343617968,0.5060254741,0.6153906827,5
scScope,0.6,0.5288037954,0.5094292388,0.5948870858,5
scScope,0.8,0.5345854339,0.5000634513,0.6281955895,5
scScope,1,0.5357935502,0.530000152,0.6259054429,5
scScope,1.2,0.5462242546,0.5294067884,0.6384422481,5
scScope,1.5,0.5913607723,0.5355541954,0.6346107869,5
scScope,2,0.6193513802,0.6126492988,0.6345018068,5
scVI,0.2,0.6331075883,0.4152008909,0.6857232089,5
scVI,0.4,0.6505980064,0.6338284216,0.7473010395,5
scVI,0.6,0.6505980064,0.6403162364,0.7538319136,5
scVI,0.8,0.6545511308,0.6403162364,0.7548005982,5
scVI,1,0.730804668,0.6498748684,0.7502664067,5
scVI,1.2,0.6547908213,0.6399944272,0.7553946221,5
scVI,1.5,0.741983277,0.6505284971,0.8286993439,5
scVI,2,0.7728287744,0.6557053672,0.8390606142,5
t-SNE,0.2,0.9024589107,0.9024589107,0.9024589107,5
t-SNE,0.4,0.9141259718,0.9141259718,0.9141259718,5
t-SNE,0.6,0.9136578185,0.9136578185,0.9136578185,5
t-SNE,0.8,0.9071655471,0.9071655471,0.9071655471,5
t-SNE,1,0.9074450939,0.9074450939,0.9074450939,5
t-SNE,1.2,0.9131380373,0.9131380373,0.9131380373,5
t-SNE,1.5,0.9088243253,0.9088243253,0.9088243253,5
t-SNE,2,0.9083884513,0.9083884513,0.9083884513,5
