method,embedding_seed,cell_type_accuracy,donor_accuracy
GLM-PCA,0,0.5315897854,0.1589904933
GLM-PCA,1,0.359995854,0.1590310884
GLM-PCA,2,0.5834946747,0.1607824238
GLM-PCA,3,0.494679477,0.1378509488
GLM-PCA,4,0.536685379,0.1434459794
PCA,0,0.5395550399,0.1508202954
PCA,1,0.5395550399,0.1508202954
PCA,2,0.5395550399,0.1508202954
PCA,3,0.5395550399,0.1508202954
PCA,4,0.5395550399,0.1508202954
PHATE,0,0.8163444387,0.1537524801
PHATE,1,0.8032851886,0.1624089003
PHATE,2,0.8306104729,0.1534449578
PHATE,3,0.8294717954,0.1513832966
PHATE,4,0.8289580204,0.1527706074
PaCMAP,0,0.7596879858,0.1521641718
PaCMAP,1,0.7778807453,0.1413243946
PaCMAP,2,0.836126444,0.1591615675
PaCMAP,3,0.8597445203,0.1656142208
PaCMAP,4,0.8500418887,0.1407694023
SAUCIE,0,0.6698810586,0.1597941204
SAUCIE,1,0.5913283917,0.1528784468
SAUCIE,2,0.5868146246,0.1603538707
SAUCIE,3,0.5433458968,0.1570530032
SAUCIE,4,0.5681999101,0.1587477682
UMAP,0,0.8542940322,0.1499078277
UMAP,1,0.8168760081,0.150646365
UMAP,2,0.8264439764,0.1473115443
UMAP,3,0.8109789335,0.139903434
UMAP,4,0.8566097446,0.1718699443
scScope,0,0.4348189377,0.1864532488
scScope,1,0.4120205459,0.1990281828
scScope,2,0.4040282405,0.192964635
scScope,3,0.4201700589,0.1867187733
scScope,4,0.4086052515,0.1940380005
scVI,0,0.7010933493,0.1602648911
scVI,1,0.8461366277,0.1694971513
scVI,2,0.6606362737,0.1525451073
scVI,3,0.7972136296,0.1490238994
scVI,4,0.7688637064,0.1618696937
t-SNE,0,0.8382735467,0.1571175728
t-SNE,1,0.8382735467,0.1571175728
t-SNE,2,0.8382735467,0.1571175728
t-SNE,3,0.8382735467,0.1571175728
t-SNE,4,0.8382735467,0.1571175728
