method,dpt_median,dpt_min,dpt_max,lineage_median,lineage_min,lineage_max,n_embedding_seeds
PCA,0.6080331228,0.6080331228,0.6080331228,0.7475614514,0.7475614514,0.7475614514,5
GLM-PCA,0.3002014449,0.279515087,0.335082405,0.8653140851,0.8541552868,0.8676030693,5
scScope,0.7417738453,0.6955906684,0.7749870021,0.8731694629,0.8644817271,0.8789699571,5
SAUCIE,0.6867960806,0.565512021,0.8194536497,0.8252828716,0.8221875406,0.8275458447,5
scVI,0.7623869431,0.5000124361,0.7965065587,0.8419040187,0.8391468331,0.8434126674,5
UMAP,0.8924828603,0.8755847884,0.9335247636,0.7868903629,0.7864741839,0.8021849395,5
PHATE,0.01716333883,-0.1178576206,0.08733817223,0.757913903,0.7567694108,0.7637664196,5
t-SNE,0.882443134,0.882443134,0.882443134,0.8236961894,0.8236961894,0.8236961894,5
PaCMAP,0.8383846705,0.7867445883,0.8602076593,0.8211731044,0.8161269346,0.8304851086,5
