dataset_id,method,embedding_seed,label,n_cells_label,prevalence,precision_resolution_auc,recall_resolution_auc,f1_resolution_auc
pbmc3k,PCA,0,B cells,342,0.1296436694,0.9566473988,0.9678362573,0.9622093023
pbmc3k,PCA,0,CD14+ Monocytes,480,0.1819560273,0.8270007956,0.9329861111,0.8761525857
pbmc3k,PCA,0,CD4 T cells,1144,0.433661865,0.8626885639,0.9579933955,0.9066628487
pbmc3k,PCA,0,CD8 T cells,316,0.119787718,0.6988144106,0.4015471167,0.4917466273
pbmc3k,PCA,0,Dendritic cells,37,0.0140257771,0,0,0
pbmc3k,PCA,0,FCGR3A+ Monocytes,150,0.05686125853,0.6107241389,0.5737037037,0.5911135984
pbmc3k,PCA,0,Megakaryocytes,15,0.005686125853,0,0,0
pbmc3k,PCA,0,NK cells,154,0.05837755876,0.8014765603,0.7803030303,0.7846543049
pbmc3k,PCA,1,B cells,342,0.1296436694,0.9566473988,0.9678362573,0.9622093023
pbmc3k,PCA,1,CD14+ Monocytes,480,0.1819560273,0.8270007956,0.9329861111,0.8761525857
pbmc3k,PCA,1,CD4 T cells,1144,0.433661865,0.8626885639,0.9579933955,0.9066628487
pbmc3k,PCA,1,CD8 T cells,316,0.119787718,0.6988144106,0.4015471167,0.4917466273
pbmc3k,PCA,1,Dendritic cells,37,0.0140257771,0,0,0
pbmc3k,PCA,1,FCGR3A+ Monocytes,150,0.05686125853,0.6107241389,0.5737037037,0.5911135984
pbmc3k,PCA,1,Megakaryocytes,15,0.005686125853,0,0,0
pbmc3k,PCA,1,NK cells,154,0.05837755876,0.8014765603,0.7803030303,0.7846543049
pbmc3k,PCA,2,B cells,342,0.1296436694,0.9566473988,0.9678362573,0.9622093023
pbmc3k,PCA,2,CD14+ Monocytes,480,0.1819560273,0.8270007956,0.9329861111,0.8761525857
pbmc3k,PCA,2,CD4 T cells,1144,0.433661865,0.8626885639,0.9579933955,0.9066628487
pbmc3k,PCA,2,CD8 T cells,316,0.119787718,0.6988144106,0.4015471167,0.4917466273
pbmc3k,PCA,2,Dendritic cells,37,0.0140257771,0,0,0
pbmc3k,PCA,2,FCGR3A+ Monocytes,150,0.05686125853,0.6107241389,0.5737037037,0.5911135984
pbmc3k,PCA,2,Megakaryocytes,15,0.005686125853,0,0,0
pbmc3k,PCA,2,NK cells,154,0.05837755876,0.8014765603,0.7803030303,0.7846543049
pbmc3k,PCA,3,B cells,342,0.1296436694,0.9566473988,0.9678362573,0.9622093023
pbmc3k,PCA,3,CD14+ Monocytes,480,0.1819560273,0.8270007956,0.9329861111,0.8761525857
pbmc3k,PCA,3,CD4 T cells,1144,0.433661865,0.8626885639,0.9579933955,0.9066628487
pbmc3k,PCA,3,CD8 T cells,316,0.119787718,0.6988144106,0.4015471167,0.4917466273
pbmc3k,PCA,3,Dendritic cells,37,0.0140257771,0,0,0
pbmc3k,PCA,3,FCGR3A+ Monocytes,150,0.05686125853,0.6107241389,0.5737037037,0.5911135984
pbmc3k,PCA,3,Megakaryocytes,15,0.005686125853,0,0,0
pbmc3k,PCA,3,NK cells,154,0.05837755876,0.8014765603,0.7803030303,0.7846543049
pbmc3k,PCA,4,B cells,342,0.1296436694,0.9566473988,0.9678362573,0.9622093023
pbmc3k,PCA,4,CD14+ Monocytes,480,0.1819560273,0.8270007956,0.9329861111,0.8761525857
pbmc3k,PCA,4,CD4 T cells,1144,0.433661865,0.8626885639,0.9579933955,0.9066628487
pbmc3k,PCA,4,CD8 T cells,316,0.119787718,0.6988144106,0.4015471167,0.4917466273
pbmc3k,PCA,4,Dendritic cells,37,0.0140257771,0,0,0
pbmc3k,PCA,4,FCGR3A+ Monocytes,150,0.05686125853,0.6107241389,0.5737037037,0.5911135984
pbmc3k,PCA,4,Megakaryocytes,15,0.005686125853,0,0,0
pbmc3k,PCA,4,NK cells,154,0.05837755876,0.8014765603,0.7803030303,0.7846543049
pbmc3k,GLM-PCA,0,B cells,342,0.1296436694,0.9826086957,0.9912280702,0.9868995633
pbmc3k,GLM-PCA,0,CD14+ Monocytes,480,0.1819560273,0.8210434409,0.8815972222,0.8477350924
pbmc3k,GLM-PCA,0,CD4 T cells,1144,0.433661865,0.9497730936,0.9499320124,0.9497567744
pbmc3k,GLM-PCA,0,CD8 T cells,316,0.119787718,0.8088056266,0.7484177215,0.7761588193
pbmc3k,GLM-PCA,0,Dendritic cells,37,0.0140257771,0.7222222222,0.5855855856,0.6467661692
pbmc3k,GLM-PCA,0,FCGR3A+ Monocytes,150,0.05686125853,0.4863805099,0.4242592593,0.4395963319
pbmc3k,GLM-PCA,0,Megakaryocytes,15,0.005686125853,1,0.9333333333,0.9655172414
pbmc3k,GLM-PCA,0,NK cells,154,0.05837755876,0.8566367076,0.939033189,0.8924441785
pbmc3k,GLM-PCA,1,B cells,342,0.1296436694,0.9828125029,0.9938271605,0.9882881608
pbmc3k,GLM-PCA,1,CD14+ Monocytes,480,0.1819560273,0.8328034593,0.8735532407,0.8515632911
pbmc3k,GLM-PCA,1,CD4 T cells,1144,0.433661865,0.9417767526,0.9577505828,0.9495207843
pbmc3k,GLM-PCA,1,CD8 T cells,316,0.119787718,0.771341026,0.7164205345,0.737610757
pbmc3k,GLM-PCA,1,Dendritic cells,37,0.0140257771,0.6507724302,0.5855855856,0.6164319249
pbmc3k,GLM-PCA,1,FCGR3A+ Monocytes,150,0.05686125853,0.5151458082,0.5027777778,0.5083567046
pbmc3k,GLM-PCA,1,Megakaryocytes,15,0.005686125853,0.7777777778,0.7777777778,0.7777777778
pbmc3k,GLM-PCA,1,NK cells,154,0.05837755876,0.8734342495,0.7977994228,0.8154686558
pbmc3k,GLM-PCA,2,B cells,342,0.1296436694,0.9805586034,0.973602989,0.9767670699
pbmc3k,GLM-PCA,2,CD14+ Monocytes,480,0.1819560273,0.8996893204,0.9590277778,0.9283765768
pbmc3k,GLM-PCA,2,CD4 T cells,1144,0.433661865,0.9489802198,0.9394182207,0.9439828555
pbmc3k,GLM-PCA,2,CD8 T cells,316,0.119787718,0.7778389593,0.7877109705,0.780272137
pbmc3k,GLM-PCA,2,Dendritic cells,37,0.0140257771,0.6461403509,0.7837837838,0.7051851852
pbmc3k,GLM-PCA,2,FCGR3A+ Monocytes,150,0.05686125853,0.8247619048,0.7044444444,0.7594566353
pbmc3k,GLM-PCA,2,Megakaryocytes,15,0.005686125853,0.3611111111,0.2888888889,0.3209876543
pbmc3k,GLM-PCA,2,NK cells,154,0.05837755876,0.9070831991,0.8928571429,0.8941135741
pbmc3k,GLM-PCA,3,B cells,342,0.1296436694,0.9653572521,0.9912280702,0.9781206979
pbmc3k,GLM-PCA,3,CD14+ Monocytes,480,0.1819560273,0.8393785575,0.8932291667,0.861051031
pbmc3k,GLM-PCA,3,CD4 T cells,1144,0.433661865,0.944987446,0.9433760684,0.9437522881
pbmc3k,GLM-PCA,3,CD8 T cells,316,0.119787718,0.7893361438,0.7285513361,0.7548022834
pbmc3k,GLM-PCA,3,Dendritic cells,37,0.0140257771,0.3569021738,0.4647147147,0.3919207316
pbmc3k,GLM-PCA,3,FCGR3A+ Monocytes,150,0.05686125853,0.6349135874,0.5827777778,0.591947644
pbmc3k,GLM-PCA,3,Megakaryocytes,15,0.005686125853,0.1388888889,0.1111111111,0.1234567901
pbmc3k,GLM-PCA,3,NK cells,154,0.05837755876,0.8611338029,0.8813131313,0.8614139513
pbmc3k,GLM-PCA,4,B cells,342,0.1296436694,0.9834266765,0.9925276153,0.9879524321
pbmc3k,GLM-PCA,4,CD14+ Monocytes,480,0.1819560273,0.8280351474,0.903125,0.8592536454
pbmc3k,GLM-PCA,4,CD4 T cells,1144,0.433661865,0.9486928395,0.9484265734,0.9483902387
pbmc3k,GLM-PCA,4,CD8 T cells,316,0.119787718,0.7983536867,0.7135196906,0.7523960558
pbmc3k,GLM-PCA,4,Dendritic cells,37,0.0140257771,0.6705948373,0.5780780781,0.6200396825
pbmc3k,GLM-PCA,4,FCGR3A+ Monocytes,150,0.05686125853,0.4107956475,0.4411111111,0.4247663042
pbmc3k,GLM-PCA,4,Megakaryocytes,15,0.005686125853,0.8888888889,0.7703703704,0.8253968254
pbmc3k,GLM-PCA,4,NK cells,154,0.05837755876,0.7979041582,0.9278499278,0.8529276471
pbmc3k,scScope,0,B cells,342,0.1296436694,0.8561811231,0.6459551657,0.7289918921
pbmc3k,scScope,0,CD14+ Monocytes,480,0.1819560273,0.8462846896,0.7895833333,0.8161602605
pbmc3k,scScope,0,CD4 T cells,1144,0.433661865,0.7400486979,0.8928467366,0.8087489024
pbmc3k,scScope,0,CD8 T cells,316,0.119787718,0.7239407078,0.4493670886,0.5545143845
pbmc3k,scScope,0,Dendritic cells,37,0.0140257771,0.2377136752,0.1539039039,0.1669163546
pbmc3k,scScope,0,FCGR3A+ Monocytes,150,0.05686125853,0.6893503978,0.7185185185,0.6959000059
pbmc3k,scScope,0,Megakaryocytes,15,0.005686125853,0,0,0
pbmc3k,scScope,0,NK cells,154,0.05837755876,0.6388949532,0.6984126984,0.644684843
pbmc3k,scScope,1,B cells,342,0.1296436694,0.8239479628,0.6488791423,0.7237780571
pbmc3k,scScope,1,CD14+ Monocytes,480,0.1819560273,0.7609054336,0.8324074074,0.7936562677
pbmc3k,scScope,1,CD4 T cells,1144,0.433661865,0.7716678832,0.8781565657,0.8202679536
pbmc3k,scScope,1,CD8 T cells,316,0.119787718,0.6633647967,0.294919128,0.403049274
pbmc3k,scScope,1,Dendritic cells,37,0.0140257771,0,0,0
pbmc3k,scScope,1,FCGR3A+ Monocytes,150,0.05686125853,0.7294631347,0.7477777778,0.7319652734
pbmc3k,scScope,1,Megakaryocytes,15,0.005686125853,1,0.7333333333,0.8461538462
pbmc3k,scScope,1,NK cells,154,0.05837755876,0.5596234195,0.8279220779,0.6617103071
pbmc3k,scScope,2,B cells,342,0.1296436694,0.8770613434,0.6187459389,0.7192401889
pbmc3k,scScope,2,CD14+ Monocytes,480,0.1819560273,0.7516645473,0.7890046296,0.7670850243
pbmc3k,scScope,2,CD4 T cells,1144,0.433661865,0.7605919083,0.8850281663,0.8175909512
pbmc3k,scScope,2,CD8 T cells,316,0.119787718,0.7163304935,0.457278481,0.5578761338
pbmc3k,scScope,2,Dendritic cells,37,0.0140257771,0.5747759857,0.5893393393,0.5804154995
pbmc3k,scScope,2,FCGR3A+ Monocytes,150,0.05686125853,0.5664033566,0.54,0.5340695771
pbmc3k,scScope,2,Megakaryocytes,15,0.005686125853,0,0,0
pbmc3k,scScope,2,NK cells,154,0.05837755876,0.6466985602,0.7478354978,0.6893250586
pbmc3k,scScope,3,B cells,342,0.1296436694,0.8780590956,0.6206140351,0.7179206537
pbmc3k,scScope,3,CD14+ Monocytes,480,0.1819560273,0.7844212776,0.8524305556,0.8158105309
pbmc3k,scScope,3,CD4 T cells,1144,0.433661865,0.750858966,0.9083867521,0.821701839
pbmc3k,scScope,3,CD8 T cells,316,0.119787718,0.7361794577,0.3899437412,0.509823806
pbmc3k,scScope,3,Dendritic cells,37,0.0140257771,0.06655092593,0.08633633634,0.07516339869
pbmc3k,scScope,3,FCGR3A+ Monocytes,150,0.05686125853,0.6797012949,0.7487037037,0.7121172018
pbmc3k,scScope,3,Megakaryocytes,15,0.005686125853,0,0,0
pbmc3k,scScope,3,NK cells,154,0.05837755876,0.7146282814,0.6946248196,0.7003575534
pbmc3k,scScope,4,B cells,342,0.1296436694,0.8726033043,0.6018518519,0.6999844148
pbmc3k,scScope,4,CD14+ Monocytes,480,0.1819560273,0.7416244993,0.8662037037,0.7984014934
pbmc3k,scScope,4,CD4 T cells,1144,0.433661865,0.7763230803,0.8645833333,0.8171624241
pbmc3k,scScope,4,CD8 T cells,316,0.119787718,0.6510932599,0.4574542897,0.5296800293
pbmc3k,scScope,4,Dendritic cells,37,0.0140257771,0,0,0
pbmc3k,scScope,4,FCGR3A+ Monocytes,150,0.05686125853,0.7477475971,0.6581481481,0.6850161615
pbmc3k,scScope,4,Megakaryocytes,15,0.005686125853,0.09259259259,0.09259259259,0.09259259259
pbmc3k,scScope,4,NK cells,154,0.05837755876,0.5471003235,0.7011183261,0.6130559498
pbmc3k,SAUCIE,0,B cells,342,0.1296436694,0.9770114943,0.9941520468,0.9855072464
pbmc3k,SAUCIE,0,CD14+ Monocytes,480,0.1819560273,0.8688856336,0.9726851852,0.9168491161
pbmc3k,SAUCIE,0,CD4 T cells,1144,0.433661865,0.9651351242,0.9518502331,0.9582810119
pbmc3k,SAUCIE,0,CD8 T cells,316,0.119787718,0.833417823,0.8621659634,0.845889834
pbmc3k,SAUCIE,0,Dendritic cells,37,0.0140257771,0.3159722222,0.1366366366,0.1907756813
pbmc3k,SAUCIE,0,FCGR3A+ Monocytes,150,0.05686125853,0.7176945909,0.6944444444,0.7040369774
pbmc3k,SAUCIE,0,Megakaryocytes,15,0.005686125853,0.1617647059,0.1833333333,0.171875
pbmc3k,SAUCIE,0,NK cells,154,0.05837755876,0.9726027397,0.9220779221,0.9466666667
pbmc3k,SAUCIE,1,B cells,342,0.1296436694,0.9790490289,0.9941520468,0.9865413098
pbmc3k,SAUCIE,1,CD14+ Monocytes,480,0.1819560273,0.8915877619,0.9606481481,0.923605388
pbmc3k,SAUCIE,1,CD4 T cells,1144,0.433661865,0.9522968245,0.9563665501,0.9538834398
pbmc3k,SAUCIE,1,CD8 T cells,316,0.119787718,0.8401737522,0.7924578059,0.8111419302
pbmc3k,SAUCIE,1,Dendritic cells,37,0.0140257771,0.6265371102,0.3836336336,0.475831764
pbmc3k,SAUCIE,1,FCGR3A+ Monocytes,150,0.05686125853,0.8053682963,0.7818518519,0.779943756
pbmc3k,SAUCIE,1,Megakaryocytes,15,0.005686125853,0,0,0
pbmc3k,SAUCIE,1,NK cells,154,0.05837755876,0.9281045752,0.9220779221,0.9250814332
pbmc3k,SAUCIE,2,B cells,342,0.1296436694,0.9826589595,0.9941520468,0.988372093
pbmc3k,SAUCIE,2,CD14+ Monocytes,480,0.1819560273,0.906463971,0.9564236111,0.9293754659
pbmc3k,SAUCIE,2,CD4 T cells,1144,0.433661865,0.9585377305,0.949980575,0.9540663858
pbmc3k,SAUCIE,2,CD8 T cells,316,0.119787718,0.8025971387,0.8291139241,0.813492189
pbmc3k,SAUCIE,2,Dendritic cells,37,0.0140257771,0,0,0
pbmc3k,SAUCIE,2,FCGR3A+ Monocytes,150,0.05686125853,0.7216519055,0.8074074074,0.7571521524
pbmc3k,SAUCIE,2,Megakaryocytes,15,0.005686125853,0.1891534392,0.2648148148,0.2206790123
pbmc3k,SAUCIE,2,NK cells,154,0.05837755876,0.9543668914,0.8932178932,0.9202197802
pbmc3k,SAUCIE,3,B cells,342,0.1296436694,0.9826589595,0.9941520468,0.988372093
pbmc3k,SAUCIE,3,CD14+ Monocytes,480,0.1819560273,0.8801261271,0.9626736111,0.9189844097
pbmc3k,SAUCIE,3,CD4 T cells,1144,0.433661865,0.9597731131,0.9456099456,0.9525313897
pbmc3k,SAUCIE,3,CD8 T cells,316,0.119787718,0.806743777,0.7750527426,0.7884559631
pbmc3k,SAUCIE,3,Dendritic cells,37,0.0140257771,0.5805555556,0.3138138138,0.4074074074
pbmc3k,SAUCIE,3,FCGR3A+ Monocytes,150,0.05686125853,0.788207993,0.7096296296,0.73764353
pbmc3k,SAUCIE,3,Megakaryocytes,15,0.005686125853,0.2608695652,0.4,0.3157894737
pbmc3k,SAUCIE,3,NK cells,154,0.05837755876,0.8712235927,0.9512987013,0.9029370936
pbmc3k,SAUCIE,4,B cells,342,0.1296436694,0.9826589595,0.9941520468,0.988372093
pbmc3k,SAUCIE,4,CD14+ Monocytes,480,0.1819560273,0.9389645887,0.9538194444,0.9461322737
pbmc3k,SAUCIE,4,CD4 T cells,1144,0.433661865,0.9513173678,0.9615384615,0.9561025269
pbmc3k,SAUCIE,4,CD8 T cells,316,0.119787718,0.8394038085,0.7904360056,0.811761945
pbmc3k,SAUCIE,4,Dendritic cells,37,0.0140257771,0.9033816425,0.5615615616,0.6925925926
pbmc3k,SAUCIE,4,FCGR3A+ Monocytes,150,0.05686125853,0.829162547,0.8851851852,0.8544676145
pbmc3k,SAUCIE,4,Megakaryocytes,15,0.005686125853,0.3783068783,0.5296296296,0.4413580247
pbmc3k,SAUCIE,4,NK cells,154,0.05837755876,0.9534029574,0.9076479076,0.9249584406
pbmc3k,UMAP,0,B cells,342,0.1296436694,0.991202346,0.9883040936,0.9897510981
pbmc3k,UMAP,0,CD14+ Monocytes,480,0.1819560273,0.9157571609,0.9915509259,0.9512550134
pbmc3k,UMAP,0,CD4 T cells,1144,0.433661865,0.955362121,0.9650592463,0.9600649514
pbmc3k,UMAP,0,CD8 T cells,316,0.119787718,0.8606469438,0.8129395218,0.8346484503
pbmc3k,UMAP,0,Dendritic cells,37,0.0140257771,0.9722222222,0.9459459459,0.9589041096
pbmc3k,UMAP,0,FCGR3A+ Monocytes,150,0.05686125853,0.8756613757,0.7237037037,0.7869178744
pbmc3k,UMAP,0,Megakaryocytes,15,0.005686125853,1,0.8666666667,0.9285714286
pbmc3k,UMAP,0,NK cells,154,0.05837755876,0.9387399667,0.9357864358,0.9370851434
pbmc3k,UMAP,1,B cells,342,0.1296436694,0.991202346,0.9883040936,0.9897510981
pbmc3k,UMAP,1,CD14+ Monocytes,480,0.1819560273,0.966561207,0.9592592593,0.9623356474
pbmc3k,UMAP,1,CD4 T cells,1144,0.433661865,0.9455094986,0.9762529138,0.9605600423
pbmc3k,UMAP,1,CD8 T cells,316,0.119787718,0.8954797829,0.7774261603,0.8313549699
pbmc3k,UMAP,1,Dendritic cells,37,0.0140257771,0.9722222222,0.9459459459,0.9589041096
pbmc3k,UMAP,1,FCGR3A+ Monocytes,150,0.05686125853,0.8507130145,0.9122222222,0.878205564
pbmc3k,UMAP,1,Megakaryocytes,15,0.005686125853,1,0.8666666667,0.9285714286
pbmc3k,UMAP,1,NK cells,154,0.05837755876,0.9438612932,0.9347041847,0.9387768587
pbmc3k,UMAP,2,B cells,342,0.1296436694,0.9912280702,0.9912280702,0.9912280702
pbmc3k,UMAP,2,CD14+ Monocytes,480,0.1819560273,0.9697998874,0.9469907407,0.9576506663
pbmc3k,UMAP,2,CD4 T cells,1144,0.433661865,0.9527999619,0.9648164336,0.9587258488
pbmc3k,UMAP,2,CD8 T cells,316,0.119787718,0.8516021304,0.7812939522,0.8142618648
pbmc3k,UMAP,2,Dendritic cells,37,0.0140257771,0.9051302319,0.8971471471,0.9006556609
pbmc3k,UMAP,2,FCGR3A+ Monocytes,150,0.05686125853,0.8218104705,0.9225925926,0.864654115
pbmc3k,UMAP,2,Megakaryocytes,15,0.005686125853,1,0.8666666667,0.9285714286
pbmc3k,UMAP,2,NK cells,154,0.05837755876,0.9066367755,0.9329004329,0.9180784482
pbmc3k,UMAP,3,B cells,342,0.1296436694,0.991202346,0.9883040936,0.9897510981
pbmc3k,UMAP,3,CD14+ Monocytes,480,0.1819560273,0.9668262086,0.9318287037,0.9487567678
pbmc3k,UMAP,3,CD4 T cells,1144,0.433661865,0.9346462903,0.9792637918,0.9563333195
pbmc3k,UMAP,3,CD8 T cells,316,0.119787718,0.911962821,0.7163326301,0.8010123605
pbmc3k,UMAP,3,Dendritic cells,37,0.0140257771,0.9722222222,0.9459459459,0.9589041096
pbmc3k,UMAP,3,FCGR3A+ Monocytes,150,0.05686125853,0.7847969204,0.917037037,0.8443566964
pbmc3k,UMAP,3,Megakaryocytes,15,0.005686125853,1,0.8666666667,0.9285714286
pbmc3k,UMAP,3,NK cells,154,0.05837755876,0.9153186841,0.9570707071,0.9353298473
pbmc3k,UMAP,4,B cells,342,0.1296436694,0.9912280702,0.9912280702,0.9912280702
pbmc3k,UMAP,4,CD14+ Monocytes,480,0.1819560273,0.9581115301,0.953125,0.9549430439
pbmc3k,UMAP,4,CD4 T cells,1144,0.433661865,0.9441985985,0.9766171329,0.9600594095
pbmc3k,UMAP,4,CD8 T cells,316,0.119787718,0.8906831653,0.7674050633,0.8234222802
pbmc3k,UMAP,4,Dendritic cells,37,0.0140257771,0.9722222222,0.9459459459,0.9589041096
pbmc3k,UMAP,4,FCGR3A+ Monocytes,150,0.05686125853,0.8374822016,0.8885185185,0.8579542829
pbmc3k,UMAP,4,Megakaryocytes,15,0.005686125853,1,0.8666666667,0.9285714286
pbmc3k,UMAP,4,NK cells,154,0.05837755876,0.942604653,0.9269480519,0.9340651959
pbmc3k,PHATE,0,B cells,342,0.1296436694,0.9912280702,0.9912280702,0.9912280702
pbmc3k,PHATE,0,CD14+ Monocytes,480,0.1819560273,0.9295860506,0.909375,0.9186866677
pbmc3k,PHATE,0,CD4 T cells,1144,0.433661865,0.9430099935,0.9809877622,0.961593507
pbmc3k,PHATE,0,CD8 T cells,316,0.119787718,0.8629353642,0.7915787623,0.8250007483
pbmc3k,PHATE,0,Dendritic cells,37,0.0140257771,0.8545163074,0.7387387387,0.7745221342
pbmc3k,PHATE,0,FCGR3A+ Monocytes,150,0.05686125853,0.7694080599,0.942037037,0.8449683608
pbmc3k,PHATE,0,Megakaryocytes,15,0.005686125853,0,0,0
pbmc3k,PHATE,0,NK cells,154,0.05837755876,0.9955257271,0.8304473304,0.9048771544
pbmc3k,PHATE,1,B cells,342,0.1296436694,0.9912280702,0.9912280702,0.9912280702
pbmc3k,PHATE,1,CD14+ Monocytes,480,0.1819560273,0.91587715,0.9367476852,0.9254619085
pbmc3k,PHATE,1,CD4 T cells,1144,0.433661865,0.940616445,0.9821289821,0.9609042179
pbmc3k,PHATE,1,CD8 T cells,316,0.119787718,0.8843004493,0.7563291139,0.8128029476
pbmc3k,PHATE,1,Dendritic cells,37,0.0140257771,0.3005169062,0.4594594595,0.3618227362
pbmc3k,PHATE,1,FCGR3A+ Monocytes,150,0.05686125853,0.8168767339,0.9037037037,0.8580534091
pbmc3k,PHATE,1,Megakaryocytes,15,0.005686125853,0,0,0
pbmc3k,PHATE,1,NK cells,154,0.05837755876,0.9506962865,0.8647186147,0.8945265167
pbmc3k,PHATE,2,B cells,342,0.1296436694,0.9912280702,0.9912280702,0.9912280702
pbmc3k,PHATE,2,CD14+ Monocytes,480,0.1819560273,0.9175487364,0.9499421296,0.9333847841
pbmc3k,PHATE,2,CD4 T cells,1144,0.433661865,0.9404279124,0.9789724165,0.9592445632
pbmc3k,PHATE,2,CD8 T cells,316,0.119787718,0.8890150602,0.7691631505,0.8235904896
pbmc3k,PHATE,2,Dendritic cells,37,0.0140257771,0.9117708333,0.722972973,0.8037244818
pbmc3k,PHATE,2,FCGR3A+ Monocytes,150,0.05686125853,0.8307739304,0.8983333333,0.8630129423
pbmc3k,PHATE,2,Megakaryocytes,15,0.005686125853,0,0,0
pbmc3k,PHATE,2,NK cells,154,0.05837755876,0.9703201347,0.9062049062,0.9371196379
pbmc3k,PHATE,3,B cells,342,0.1296436694,0.9912280702,0.9912280702,0.9912280702
pbmc3k,PHATE,3,CD14+ Monocytes,480,0.1819560273,0.9109957257,0.9679398148,0.9385127636
pbmc3k,PHATE,3,CD4 T cells,1144,0.433661865,0.9400210057,0.9789724165,0.9589646905
pbmc3k,PHATE,3,CD8 T cells,316,0.119787718,0.8799079147,0.7266174402,0.7896287605
pbmc3k,PHATE,3,Dendritic cells,37,0.0140257771,0.9049382716,0.7942942943,0.8432602327
pbmc3k,PHATE,3,FCGR3A+ Monocytes,150,0.05686125853,0.8781610271,0.8542592593,0.8654096551
pbmc3k,PHATE,3,Megakaryocytes,15,0.005686125853,0,0,0
pbmc3k,PHATE,3,NK cells,154,0.05837755876,0.9010775429,0.8755411255,0.8762526798
pbmc3k,PHATE,4,B cells,342,0.1296436694,0.9912280702,0.9912280702,0.9912280702
pbmc3k,PHATE,4,CD14+ Monocytes,480,0.1819560273,0.8531639895,0.9903356481,0.916397139
pbmc3k,PHATE,4,CD4 T cells,1144,0.433661865,0.9406870609,0.9833916084,0.9615523157
pbmc3k,PHATE,4,CD8 T cells,316,0.119787718,0.9023875188,0.775140647,0.8329755562
pbmc3k,PHATE,4,Dendritic cells,37,0.0140257771,0.6894859038,0.5825825826,0.605596912
pbmc3k,PHATE,4,FCGR3A+ Monocytes,150,0.05686125853,0.970003858,0.6153703704,0.7529358627
pbmc3k,PHATE,4,Megakaryocytes,15,0.005686125853,0,0,0
pbmc3k,PHATE,4,NK cells,154,0.05837755876,0.9537037037,0.8939393939,0.9189698659
pbmc3k,t-SNE,0,B cells,342,0.1296436694,0.9883381924,0.9912280702,0.9897810219
pbmc3k,t-SNE,0,CD14+ Monocytes,480,0.1819560273,0.9735187288,0.9206597222,0.9455185049
pbmc3k,t-SNE,0,CD4 T cells,1144,0.433661865,0.9408588458,0.9736790987,0.9568194144
pbmc3k,t-SNE,0,CD8 T cells,316,0.119787718,0.8985995438,0.7259142053,0.8006228724
pbmc3k,t-SNE,0,Dendritic cells,37,0.0140257771,0.9230769231,0.972972973,0.9473684211
pbmc3k,t-SNE,0,FCGR3A+ Monocytes,150,0.05686125853,0.7893384197,0.9222222222,0.8450201446
pbmc3k,t-SNE,0,Megakaryocytes,15,0.005686125853,0.8235294118,0.9333333333,0.875
pbmc3k,t-SNE,0,NK cells,154,0.05837755876,0.8860654428,0.954004329,0.918252419
pbmc3k,t-SNE,1,B cells,342,0.1296436694,0.9883381924,0.9912280702,0.9897810219
pbmc3k,t-SNE,1,CD14+ Monocytes,480,0.1819560273,0.9735187288,0.9206597222,0.9455185049
pbmc3k,t-SNE,1,CD4 T cells,1144,0.433661865,0.9408588458,0.9736790987,0.9568194144
pbmc3k,t-SNE,1,CD8 T cells,316,0.119787718,0.8985995438,0.7259142053,0.8006228724
pbmc3k,t-SNE,1,Dendritic cells,37,0.0140257771,0.9230769231,0.972972973,0.9473684211
pbmc3k,t-SNE,1,FCGR3A+ Monocytes,150,0.05686125853,0.7893384197,0.9222222222,0.8450201446
pbmc3k,t-SNE,1,Megakaryocytes,15,0.005686125853,0.8235294118,0.9333333333,0.875
pbmc3k,t-SNE,1,NK cells,154,0.05837755876,0.8860654428,0.954004329,0.918252419
pbmc3k,t-SNE,2,B cells,342,0.1296436694,0.9883381924,0.9912280702,0.9897810219
pbmc3k,t-SNE,2,CD14+ Monocytes,480,0.1819560273,0.9735187288,0.9206597222,0.9455185049
pbmc3k,t-SNE,2,CD4 T cells,1144,0.433661865,0.9408588458,0.9736790987,0.9568194144
pbmc3k,t-SNE,2,CD8 T cells,316,0.119787718,0.8985995438,0.7259142053,0.8006228724
pbmc3k,t-SNE,2,Dendritic cells,37,0.0140257771,0.9230769231,0.972972973,0.9473684211
pbmc3k,t-SNE,2,FCGR3A+ Monocytes,150,0.05686125853,0.7893384197,0.9222222222,0.8450201446
pbmc3k,t-SNE,2,Megakaryocytes,15,0.005686125853,0.8235294118,0.9333333333,0.875
pbmc3k,t-SNE,2,NK cells,154,0.05837755876,0.8860654428,0.954004329,0.918252419
pbmc3k,t-SNE,3,B cells,342,0.1296436694,0.9883381924,0.9912280702,0.9897810219
pbmc3k,t-SNE,3,CD14+ Monocytes,480,0.1819560273,0.9735187288,0.9206597222,0.9455185049
pbmc3k,t-SNE,3,CD4 T cells,1144,0.433661865,0.9408588458,0.9736790987,0.9568194144
pbmc3k,t-SNE,3,CD8 T cells,316,0.119787718,0.8985995438,0.7259142053,0.8006228724
pbmc3k,t-SNE,3,Dendritic cells,37,0.0140257771,0.9230769231,0.972972973,0.9473684211
pbmc3k,t-SNE,3,FCGR3A+ Monocytes,150,0.05686125853,0.7893384197,0.9222222222,0.8450201446
pbmc3k,t-SNE,3,Megakaryocytes,15,0.005686125853,0.8235294118,0.9333333333,0.875
pbmc3k,t-SNE,3,NK cells,154,0.05837755876,0.8860654428,0.954004329,0.918252419
pbmc3k,t-SNE,4,B cells,342,0.1296436694,0.9883381924,0.9912280702,0.9897810219
pbmc3k,t-SNE,4,CD14+ Monocytes,480,0.1819560273,0.9735187288,0.9206597222,0.9455185049
pbmc3k,t-SNE,4,CD4 T cells,1144,0.433661865,0.9408588458,0.9736790987,0.9568194144
pbmc3k,t-SNE,4,CD8 T cells,316,0.119787718,0.8985995438,0.7259142053,0.8006228724
pbmc3k,t-SNE,4,Dendritic cells,37,0.0140257771,0.9230769231,0.972972973,0.9473684211
pbmc3k,t-SNE,4,FCGR3A+ Monocytes,150,0.05686125853,0.7893384197,0.9222222222,0.8450201446
pbmc3k,t-SNE,4,Megakaryocytes,15,0.005686125853,0.8235294118,0.9333333333,0.875
pbmc3k,t-SNE,4,NK cells,154,0.05837755876,0.8860654428,0.954004329,0.918252419
pbmc3k,PaCMAP,0,B cells,342,0.1296436694,0.9940828402,0.9824561404,0.9882352941
pbmc3k,PaCMAP,0,CD14+ Monocytes,480,0.1819560273,0.9653214169,0.9384837963,0.9515679928
pbmc3k,PaCMAP,0,CD4 T cells,1144,0.433661865,0.9502703947,0.9678515929,0.9589336499
pbmc3k,PaCMAP,0,CD8 T cells,316,0.119787718,0.8617982492,0.7756680731,0.8156137343
pbmc3k,PaCMAP,0,Dendritic cells,37,0.0140257771,0.9166666667,0.8918918919,0.904109589
pbmc3k,PaCMAP,0,FCGR3A+ Monocytes,150,0.05686125853,0.7964716887,0.9325925926,0.858027517
pbmc3k,PaCMAP,0,Megakaryocytes,15,0.005686125853,0.875,0.9333333333,0.9032258065
pbmc3k,PaCMAP,0,NK cells,154,0.05837755876,0.9062802661,0.9094516595,0.9070587184
pbmc3k,PaCMAP,1,B cells,342,0.1296436694,0.9940828402,0.9824561404,0.9882352941
pbmc3k,PaCMAP,1,CD14+ Monocytes,480,0.1819560273,0.9408208809,0.9394675926,0.9383702502
pbmc3k,PaCMAP,1,CD4 T cells,1144,0.433661865,0.9473223765,0.9735819736,0.9602145492
pbmc3k,PaCMAP,1,CD8 T cells,316,0.119787718,0.8765694912,0.7783052039,0.8236146837
pbmc3k,PaCMAP,1,Dendritic cells,37,0.0140257771,0.9166666667,0.8918918919,0.904109589
pbmc3k,PaCMAP,1,FCGR3A+ Monocytes,150,0.05686125853,0.8048018185,0.8411111111,0.8066605428
pbmc3k,PaCMAP,1,Megakaryocytes,15,0.005686125853,0.875,0.9333333333,0.9032258065
pbmc3k,PaCMAP,1,NK cells,154,0.05837755876,0.9324324324,0.8961038961,0.9139072848
pbmc3k,PaCMAP,2,B cells,342,0.1296436694,0.9940828402,0.9824561404,0.9882352941
pbmc3k,PaCMAP,2,CD14+ Monocytes,480,0.1819560273,0.9588181433,0.9008101852,0.9280525242
pbmc3k,PaCMAP,2,CD4 T cells,1144,0.433661865,0.9539288924,0.9643065268,0.9590426314
pbmc3k,PaCMAP,2,CD8 T cells,316,0.119787718,0.839235095,0.8065225035,0.8209532297
pbmc3k,PaCMAP,2,Dendritic cells,37,0.0140257771,0.9166666667,0.8918918919,0.904109589
pbmc3k,PaCMAP,2,FCGR3A+ Monocytes,150,0.05686125853,0.7194935445,0.9057407407,0.7953067646
pbmc3k,PaCMAP,2,Megakaryocytes,15,0.005686125853,0.8823529412,1,0.9375
pbmc3k,PaCMAP,2,NK cells,154,0.05837755876,0.9359414711,0.8627344877,0.89440873
pbmc3k,PaCMAP,3,B cells,342,0.1296436694,0.9940828402,0.9824561404,0.9882352941
pbmc3k,PaCMAP,3,CD14+ Monocytes,480,0.1819560273,0.96875,0.9041666667,0.9353448276
pbmc3k,PaCMAP,3,CD4 T cells,1144,0.433661865,0.9538321412,0.9649621212,0.9593484727
pbmc3k,PaCMAP,3,CD8 T cells,316,0.119787718,0.8599259789,0.8036216596,0.8306073021
pbmc3k,PaCMAP,3,Dendritic cells,37,0.0140257771,0.9166666667,0.8918918919,0.904109589
pbmc3k,PaCMAP,3,FCGR3A+ Monocytes,150,0.05686125853,0.7230769231,0.94,0.8173913043
pbmc3k,PaCMAP,3,Megakaryocytes,15,0.005686125853,0.875,0.9333333333,0.9032258065
pbmc3k,PaCMAP,3,NK cells,154,0.05837755876,0.9313642871,0.919011544,0.9246102615
pbmc3k,PaCMAP,4,B cells,342,0.1296436694,0.9940828402,0.9824561404,0.9882352941
pbmc3k,PaCMAP,4,CD14+ Monocytes,480,0.1819560273,0.966907677,0.9130787037,0.9392223286
pbmc3k,PaCMAP,4,CD4 T cells,1144,0.433661865,0.9521959434,0.965204934,0.9586204729
pbmc3k,PaCMAP,4,CD8 T cells,316,0.119787718,0.8379556886,0.8060829817,0.8211432579
pbmc3k,PaCMAP,4,Dendritic cells,37,0.0140257771,0.9166666667,0.8918918919,0.904109589
pbmc3k,PaCMAP,4,FCGR3A+ Monocytes,150,0.05686125853,0.7379250596,0.9333333333,0.8242042146
pbmc3k,PaCMAP,4,Megakaryocytes,15,0.005686125853,0.875,0.9333333333,0.9032258065
pbmc3k,PaCMAP,4,NK cells,154,0.05837755876,0.9471772954,0.8641774892,0.9021715123
pbmc3k,scVI,0,B cells,342,0.1296436694,0.9770114943,0.9941520468,0.9855072464
pbmc3k,scVI,0,CD14+ Monocytes,480,0.1819560273,0.8583237894,0.9704282407,0.9096772014
pbmc3k,scVI,0,CD4 T cells,1144,0.433661865,0.8971411219,0.9807692308,0.9370879915
pbmc3k,scVI,0,CD8 T cells,316,0.119787718,0.8128572837,0.598628692,0.6879960317
pbmc3k,scVI,0,Dendritic cells,37,0.0140257771,0,0,0
pbmc3k,scVI,0,FCGR3A+ Monocytes,150,0.05686125853,0.7980199411,0.7603703704,0.7707830832
pbmc3k,scVI,0,Megakaryocytes,15,0.005686125853,0.1388888889,0.1111111111,0.1234567901
pbmc3k,scVI,0,NK cells,154,0.05837755876,0.9223090278,0.7665945166,0.8372734437
pbmc3k,scVI,1,B cells,342,0.1296436694,0.9826086957,0.9912280702,0.9868995633
pbmc3k,scVI,1,CD14+ Monocytes,480,0.1819560273,0.9040234007,0.9086805556,0.9051643697
pbmc3k,scVI,1,CD4 T cells,1144,0.433661865,0.9649200496,0.9157439782,0.9395193187
pbmc3k,scVI,1,CD8 T cells,316,0.119787718,0.7288701319,0.8303445851,0.7753389406
pbmc3k,scVI,1,Dendritic cells,37,0.0140257771,0,0,0
pbmc3k,scVI,1,FCGR3A+ Monocytes,150,0.05686125853,0.5947967592,0.7748148148,0.6686798053
pbmc3k,scVI,1,Megakaryocytes,15,0.005686125853,0.4722222222,0.3462962963,0.3995726496
pbmc3k,scVI,1,NK cells,154,0.05837755876,0.8721196874,0.9090909091,0.8900602837
pbmc3k,scVI,2,B cells,342,0.1296436694,0.9665223665,0.9941520468,0.9801417416
pbmc3k,scVI,2,CD14+ Monocytes,480,0.1819560273,0.9321115289,0.900462963,0.9117916805
pbmc3k,scVI,2,CD4 T cells,1144,0.433661865,0.942968902,0.956706488,0.949608607
pbmc3k,scVI,2,CD8 T cells,316,0.119787718,0.8088708194,0.6432841069,0.7136267224
pbmc3k,scVI,2,Dendritic cells,37,0.0140257771,0.07996632997,0.07132132132,0.0753968254
pbmc3k,scVI,2,FCGR3A+ Monocytes,150,0.05686125853,0.6495318361,0.8348148148,0.7097998779
pbmc3k,scVI,2,Megakaryocytes,15,0.005686125853,1,0.7333333333,0.8461538462
pbmc3k,scVI,2,NK cells,154,0.05837755876,0.7605165496,0.9172077922,0.8266262967
pbmc3k,scVI,3,B cells,342,0.1296436694,0.9915161952,0.9822124756,0.9868223777
pbmc3k,scVI,3,CD14+ Monocytes,480,0.1819560273,0.7132243685,1,0.8326105811
pbmc3k,scVI,3,CD4 T cells,1144,0.433661865,0.9299576806,0.9616355866,0.9455298552
pbmc3k,scVI,3,CD8 T cells,316,0.119787718,0.7991519626,0.6715014065,0.7292665903
pbmc3k,scVI,3,Dendritic cells,37,0.0140257771,0,0,0
pbmc3k,scVI,3,FCGR3A+ Monocytes,150,0.05686125853,0,0,0
pbmc3k,scVI,3,Megakaryocytes,15,0.005686125853,0.9444444444,0.7555555556,0.8395061728
pbmc3k,scVI,3,NK cells,154,0.05837755876,0.8193271908,0.8805916306,0.8472750822
pbmc3k,scVI,4,B cells,342,0.1296436694,0.9662142157,0.9749837557,0.9700778592
pbmc3k,scVI,4,CD14+ Monocytes,480,0.1819560273,0.8761876664,0.9488425926,0.9102341407
pbmc3k,scVI,4,CD4 T cells,1144,0.433661865,0.9431150748,0.9542055167,0.9483670318
pbmc3k,scVI,4,CD8 T cells,316,0.119787718,0.8026669929,0.7429676512,0.7693049381
pbmc3k,scVI,4,Dendritic cells,37,0.0140257771,0.2113821138,0.2342342342,0.2222222222
pbmc3k,scVI,4,FCGR3A+ Monocytes,150,0.05686125853,0.6597565132,0.6433333333,0.6482904877
pbmc3k,scVI,4,Megakaryocytes,15,0.005686125853,0.7777777778,0.5703703704,0.6581196581
pbmc3k,scVI,4,NK cells,154,0.05837755876,0.8596028529,0.863997114,0.8572159076
