panel_or_component,source_data_file,sha256,plotting_code
a,data/source_data/generated/Fig2a_empirical_threshold_margins.csv,e00e186e441bccc8c3f4bed286247728e91f62f681baaa803fb7bdc1de1a93df,figures/plot_figure_2.py
b_scores,data/source_data/generated/Fig2b_empirical_profile_pca_scores.csv,d7317dc84b32a8c7131b4f78d8c2565b30373d9b28c6947a355cd1702a6eccb6,figures/plot_figure_2.py
b_loadings,data/source_data/generated/Fig2b_empirical_profile_pca_loadings.csv,5af75e77956b36a7a30a6d313c11765aa941f16a28b04144e42c5e0e8c8b3de0,figures/plot_figure_2.py
c,data/source_data/generated/Fig2c_context_rank_concordance.csv,391d654c97b97c9b300758f47c5504a285e1f7c2bd0c322885a5939a440929cd,figures/plot_figure_2.py
d,data/source_data/generated/Fig2d_empirical_variance_partition.csv,6f76288cbaacaa2f9f19ef8373c29b8b462631f8fa6e97c36bc743d13f0cd74f,figures/plot_figure_2.py
e_signatures,data/source_data/generated/Fig2e_objective_signature_matrix.csv,cc27c3a3ad6e0bc5db4fef93ce36511ceb4d30bd268016776364fdea24f1288a,figures/plot_figure_2.py
e,data/source_data/generated/Fig2e_profile_distance_concordance.csv,3acb0be51025ea4073a4b4cc761c4adeb69171b3ce69499544972dc022508258,figures/plot_figure_2.py
e_summary,data/source_data/generated/Fig2e_mantel_summary.csv,773c8c57f7b28650e6e2c270ebaa119721436701e08ac182aeb9a17b0ee9ef23,figures/plot_figure_2.py
f,data/source_data/generated/Fig2f_simulation_boundary_margins.csv,8e6b83dba0f591b86681bbf9dcdb52f02f7a8dbd445af6da2afd1879cf0655fb,figures/plot_figure_2.py
g,data/source_data/generated/Fig2g_geometry_identity_decoupling.csv,f805c82a56059b8ac06020aaf93e0d4b7cbe44593724fcf8682188a5c56d0181,figures/plot_figure_2.py
