label,label_knn_recall,n_cells_coordinate,method,max_marker_z,n_cells_label,mean_label_knn_recall,descriptive_label_level_spearman_rho
Adipocytes,0.4744827586206896,145,PCA,3.113289830882111,145,0.8133908045977012,-0.45454545454545453
Atrial_Cardiomyocyte,0.36022646850672324,471,PCA,1.9813405701236944,471,0.8347664543524417,-0.45454545454545453
Endothelial,0.8028344010871675,1717,PCA,3.1492613661284863,1717,0.9308483789555426,-0.45454545454545453
Fibroblast,0.7753352960418711,1019,PCA,2.8847008012358715,1019,0.9138125613346418,-0.45454545454545453
Lymphoid,0.5273408239700375,267,PCA,3.152605665433092,267,0.7273720349563046,-0.45454545454545453
Mesothelial,0.047058823529411764,17,PCA,3.16137639066233,17,0.5352941176470588,-0.45454545454545453
Myeloid,0.6553586497890296,395,PCA,3.1472357646986318,395,0.8130168776371308,-0.45454545454545453
Neuronal,0.1363834422657952,153,PCA,3.135786147397723,153,0.6263071895424837,-0.45454545454545453
Pericytes,0.6785429141716567,1336,PCA,1.9382309883611744,1336,0.8305014970059881,-0.45454545454545453
Smooth_muscle_cells,0.16143039591315453,261,PCA,3.0740527197288,261,0.4966794380587484,-0.45454545454545453
Ventricular_Cardiomyocyte,0.8447048219918882,2219,PCA,2.2296228155609032,2219,0.9540295929097191,-0.45454545454545453
Adipocytes,0.6133333333333334,145,GLM-PCA,3.113289830882111,145,0.8133908045977012,-0.45454545454545453
Atrial_Cardiomyocyte,0.7071479122434536,471,GLM-PCA,1.9813405701236944,471,0.8347664543524417,-0.45454545454545453
Endothelial,0.9219957289846631,1717,GLM-PCA,3.1492613661284863,1717,0.9308483789555426,-0.45454545454545453
Fibroblast,0.8815178279358848,1019,GLM-PCA,2.8847008012358715,1019,0.9138125613346418,-0.45454545454545453
Lymphoid,0.4926342072409488,267,GLM-PCA,3.152605665433092,267,0.7273720349563046,-0.45454545454545453
Mesothelial,0.043137254901960784,17,GLM-PCA,3.16137639066233,17,0.5352941176470588,-0.45454545454545453
Myeloid,0.5831223628691984,395,GLM-PCA,3.1472357646986318,395,0.8130168776371308,-0.45454545454545453
Neuronal,0.4570806100217865,153,GLM-PCA,3.135786147397723,153,0.6263071895424837,-0.45454545454545453
Pericytes,0.7257984031936128,1336,GLM-PCA,1.9382309883611744,1336,0.8305014970059881,-0.45454545454545453
Smooth_muscle_cells,0.26487867177522345,261,GLM-PCA,3.0740527197288,261,0.4966794380587484,-0.45454545454545453
Ventricular_Cardiomyocyte,0.9056031245305693,2219,GLM-PCA,2.2296228155609032,2219,0.9540295929097191,-0.45454545454545453
Adipocytes,0.8114942528735632,145,scScope,3.113289830882111,145,0.8133908045977012,-0.45454545454545453
Atrial_Cardiomyocyte,0.8192498230714791,471,scScope,1.9813405701236944,471,0.8347664543524417,-0.45454545454545453
Endothelial,0.8804503979809746,1717,scScope,3.1492613661284863,1717,0.9308483789555426,-0.45454545454545453
Fibroblast,0.879751390251881,1019,scScope,2.8847008012358715,1019,0.9138125613346418,-0.45454545454545453
Lymphoid,0.733832709113608,267,scScope,3.152605665433092,267,0.7273720349563046,-0.45454545454545453
Mesothelial,0.2980392156862745,17,scScope,3.16137639066233,17,0.5352941176470588,-0.45454545454545453
Myeloid,0.8016877637130803,395,scScope,3.1472357646986318,395,0.8130168776371308,-0.45454545454545453
Neuronal,0.6610021786492374,153,scScope,3.135786147397723,153,0.6263071895424837,-0.45454545454545453
Pericytes,0.7917664670658683,1336,scScope,1.9382309883611744,1336,0.8305014970059881,-0.45454545454545453
Smooth_muscle_cells,0.5052362707535122,261,scScope,3.0740527197288,261,0.4966794380587484,-0.45454545454545453
Ventricular_Cardiomyocyte,0.9527114315757849,2219,scScope,2.2296228155609032,2219,0.9540295929097191,-0.45454545454545453
Adipocytes,0.8832183908045976,145,SAUCIE,3.113289830882111,145,0.8133908045977012,-0.45454545454545453
Atrial_Cardiomyocyte,0.9416843595187545,471,SAUCIE,1.9813405701236944,471,0.8347664543524417,-0.45454545454545453
Endothelial,0.9402446126965638,1717,SAUCIE,3.1492613661284863,1717,0.9308483789555426,-0.45454545454545453
Fibroblast,0.8928361138370952,1019,SAUCIE,2.8847008012358715,1019,0.9138125613346418,-0.45454545454545453
Lymphoid,0.5740324594257179,267,SAUCIE,3.152605665433092,267,0.7273720349563046,-0.45454545454545453
Mesothelial,0.023529411764705882,17,SAUCIE,3.16137639066233,17,0.5352941176470588,-0.45454545454545453
Myeloid,0.7412658227848101,395,SAUCIE,3.1472357646986318,395,0.8130168776371308,-0.45454545454545453
Neuronal,0.2366013071895425,153,SAUCIE,3.135786147397723,153,0.6263071895424837,-0.45454545454545453
Pericytes,0.7927644710578843,1336,SAUCIE,1.9382309883611744,1336,0.8305014970059881,-0.45454545454545453
Smooth_muscle_cells,0.24112388250319283,261,SAUCIE,3.0740527197288,261,0.4966794380587484,-0.45454545454545453
Ventricular_Cardiomyocyte,0.9748835811927296,2219,SAUCIE,2.2296228155609032,2219,0.9540295929097191,-0.45454545454545453
Adipocytes,0.928735632183908,145,UMAP,3.113289830882111,145,0.8133908045977012,-0.45454545454545453
Atrial_Cardiomyocyte,0.9704175513092711,471,UMAP,1.9813405701236944,471,0.8347664543524417,-0.45454545454545453
Endothelial,0.9723937099592311,1717,UMAP,3.1492613661284863,1717,0.9308483789555426,-0.45454545454545453
Fibroblast,0.9744847890088322,1019,UMAP,2.8847008012358715,1019,0.9138125613346418,-0.45454545454545453
Lymphoid,0.8921348314606741,267,UMAP,3.152605665433092,267,0.7273720349563046,-0.45454545454545453
Mesothelial,1.0,17,UMAP,3.16137639066233,17,0.5352941176470588,-0.45454545454545453
Myeloid,0.9358649789029536,395,UMAP,3.1472357646986318,395,0.8130168776371308,-0.45454545454545453
Neuronal,0.8936819172113288,153,UMAP,3.135786147397723,153,0.6263071895424837,-0.45454545454545453
Pericytes,0.914121756487026,1336,UMAP,1.9382309883611744,1336,0.8305014970059881,-0.45454545454545453
Smooth_muscle_cells,0.691698595146871,261,UMAP,3.0740527197288,261,0.4966794380587484,-0.45454545454545453
Ventricular_Cardiomyocyte,0.9860597866907015,2219,UMAP,2.2296228155609032,2219,0.9540295929097191,-0.45454545454545453
Adipocytes,0.9250574712643678,145,PHATE,3.113289830882111,145,0.8133908045977012,-0.45454545454545453
Atrial_Cardiomyocyte,0.9231422505307856,471,PHATE,1.9813405701236944,471,0.8347664543524417,-0.45454545454545453
Endothelial,0.9773247913026596,1717,PHATE,3.1492613661284863,1717,0.9308483789555426,-0.45454545454545453
Fibroblast,0.9619234543670265,1019,PHATE,2.8847008012358715,1019,0.9138125613346418,-0.45454545454545453
Lymphoid,0.8024968789013733,267,PHATE,3.152605665433092,267,0.7273720349563046,-0.45454545454545453
Mesothelial,0.9137254901960784,17,PHATE,3.16137639066233,17,0.5352941176470588,-0.45454545454545453
Myeloid,0.8928270042194093,395,PHATE,3.1472357646986318,395,0.8130168776371308,-0.45454545454545453
Neuronal,0.8444444444444443,153,PHATE,3.135786147397723,153,0.6263071895424837,-0.45454545454545453
Pericytes,0.902245508982036,1336,PHATE,1.9382309883611744,1336,0.8305014970059881,-0.45454545454545453
Smooth_muscle_cells,0.639080459770115,261,PHATE,3.0740527197288,261,0.4966794380587484,-0.45454545454545453
Ventricular_Cardiomyocyte,0.9882830103650293,2219,PHATE,2.2296228155609032,2219,0.9540295929097191,-0.45454545454545453
Adipocytes,0.9466666666666668,145,t-SNE,3.113289830882111,145,0.8133908045977012,-0.45454545454545453
Atrial_Cardiomyocyte,0.9780608634111819,471,t-SNE,1.9813405701236944,471,0.8347664543524417,-0.45454545454545453
Endothelial,0.9789555426130848,1717,t-SNE,3.1492613661284863,1717,0.9308483789555426,-0.45454545454545453
Fibroblast,0.9780830879947661,1019,t-SNE,2.8847008012358715,1019,0.9138125613346418,-0.45454545454545453
Lymphoid,0.8941323345817728,267,t-SNE,3.152605665433092,267,0.7273720349563046,-0.45454545454545453
Mesothelial,0.996078431372549,17,t-SNE,3.16137639066233,17,0.5352941176470588,-0.45454545454545453
Myeloid,0.9429535864978904,395,t-SNE,3.1472357646986318,395,0.8130168776371308,-0.45454545454545453
Neuronal,0.9176470588235295,153,t-SNE,3.135786147397723,153,0.6263071895424837,-0.45454545454545453
Pericytes,0.931187624750499,1336,t-SNE,1.9382309883611744,1336,0.8305014970059881,-0.45454545454545453
Smooth_muscle_cells,0.788250319284802,261,t-SNE,3.0740527197288,261,0.4966794380587484,-0.45454545454545453
Ventricular_Cardiomyocyte,0.9915577587501879,2219,t-SNE,2.2296228155609032,2219,0.9540295929097191,-0.45454545454545453
Adipocytes,0.9241379310344827,145,PaCMAP,3.113289830882111,145,0.8133908045977012,-0.45454545454545453
Atrial_Cardiomyocyte,0.978202406227884,471,PaCMAP,1.9813405701236944,471,0.8347664543524417,-0.45454545454545453
Endothelial,0.9725878470199961,1717,PaCMAP,3.1492613661284863,1717,0.9308483789555426,-0.45454545454545453
Fibroblast,0.9665685312397775,1019,PaCMAP,2.8847008012358715,1019,0.9138125613346418,-0.45454545454545453
Lymphoid,0.9023720349563046,267,PaCMAP,3.152605665433092,267,0.7273720349563046,-0.45454545454545453
Mesothelial,0.9607843137254901,17,PaCMAP,3.16137639066233,17,0.5352941176470588,-0.45454545454545453
Myeloid,0.9510548523206751,395,PaCMAP,3.1472357646986318,395,0.8130168776371308,-0.45454545454545453
Neuronal,0.8636165577342048,153,PaCMAP,3.135786147397723,153,0.6263071895424837,-0.45454545454545453
Pericytes,0.9075848303393214,1336,PaCMAP,1.9382309883611744,1336,0.8305014970059881,-0.45454545454545453
Smooth_muscle_cells,0.6817369093231163,261,PaCMAP,3.0740527197288,261,0.4966794380587484,-0.45454545454545453
Ventricular_Cardiomyocyte,0.9884332281808623,2219,PaCMAP,2.2296228155609032,2219,0.9540295929097191,-0.45454545454545453
