method_1,method_2,includes_scVI,specification_distance,empirical_profile_distance
PCA,GLM-PCA,False,1,1.11445877639307
PCA,scScope,False,0.875,2.09619379201289
PCA,SAUCIE,False,0.8,1.41176418546497
PCA,UMAP,False,1,2.05000791893498
PCA,PHATE,False,1,1.50689302659132
PCA,t-SNE,False,1,2.45456449463324
PCA,PaCMAP,False,1,1.8024774506809
PCA,scVI,True,1,1.59311198623298
GLM-PCA,scScope,False,1,1.33515294590744
GLM-PCA,SAUCIE,False,1,0.792675901743642
GLM-PCA,UMAP,False,1,1.51865008660353
GLM-PCA,PHATE,False,1,1.16837980455918
GLM-PCA,t-SNE,False,1,2.17352438115005
GLM-PCA,PaCMAP,False,1,1.48015952136685
GLM-PCA,scVI,True,0.833333333333333,0.765808147176875
scScope,SAUCIE,False,0.714285714285714,1.55610987639571
scScope,UMAP,False,0.714285714285714,1.78337898530135
scScope,PHATE,False,1,1.74282812056594
scScope,t-SNE,False,0.714285714285714,2.42591792158613
scScope,PaCMAP,False,0.875,2.04748806144746
scScope,scVI,True,1,1.01147555192852
SAUCIE,UMAP,False,1,1.10949557462558
SAUCIE,PHATE,False,1,0.817478805375248
SAUCIE,t-SNE,False,1,1.7049520792244
SAUCIE,PaCMAP,False,1,1.15239804408463
SAUCIE,scVI,True,1,0.748774897044092
UMAP,PHATE,False,0.833333333333333,0.976957046065027
UMAP,t-SNE,False,0,0.937258446697937
UMAP,PaCMAP,False,0.5,0.705962267735663
UMAP,scVI,True,1,1.29930944872476
PHATE,t-SNE,False,0.833333333333333,1.54648473752131
PHATE,PaCMAP,False,0.833333333333333,1.02477866520678
PHATE,scVI,True,1,0.989088498445696
t-SNE,PaCMAP,False,0.5,0.986718183537049
t-SNE,scVI,True,1,1.94487228744101
PaCMAP,scVI,True,1,1.36807648056551
