dataset_id,method,output_dimension,seed,metric,value,n_cells,k,reference_dimension,sampled_pairs
pbmc3k,scVI,2,0,local_retention,0.0427343947435,2638,15,50,5000
pbmc3k,scVI,2,0,trustworthiness,0.794888483318,2638,15,50,5000
pbmc3k,scVI,2,0,global_rank_corr,0.462050605099,2638,15,50,5000
pbmc3k,scVI,2,0,label_neighbor_recall,0.857846853677,2638,15,50,5000
pbmc3k,PCA,2,0,local_retention,0.0550922415972,2638,15,50,5000
pbmc3k,PCA,2,0,trustworthiness,0.805816117914,2638,15,50,5000
pbmc3k,PCA,2,0,global_rank_corr,0.665200971792,2638,15,50,5000
pbmc3k,PCA,2,0,label_neighbor_recall,0.793631539045,2638,15,50,5000
pbmc3k,GLM-PCA,2,0,local_retention,0.0435430881981,2638,15,50,5000
pbmc3k,GLM-PCA,2,0,trustworthiness,0.798993404722,2638,15,50,5000
pbmc3k,GLM-PCA,2,0,global_rank_corr,0.554718260183,2638,15,50,5000
pbmc3k,GLM-PCA,2,0,label_neighbor_recall,0.863305534496,2638,15,50,5000
pbmc3k,scScope,2,0,local_retention,0.0362901187769,2638,15,50,5000
pbmc3k,scScope,2,0,trustworthiness,0.755407997348,2638,15,50,5000
pbmc3k,scScope,2,0,global_rank_corr,0.258389707409,2638,15,50,5000
pbmc3k,scScope,2,0,label_neighbor_recall,0.716199140763,2638,15,50,5000
pbmc3k,SAUCIE,2,0,local_retention,0.0749557745767,2638,15,50,5000
pbmc3k,SAUCIE,2,0,trustworthiness,0.84157444923,2638,15,50,5000
pbmc3k,SAUCIE,2,0,global_rank_corr,0.662383241503,2638,15,50,5000
pbmc3k,SAUCIE,2,0,label_neighbor_recall,0.910689916603,2638,15,50,5000
pbmc3k,UMAP,2,0,local_retention,0.118347232752,2638,15,50,5000
pbmc3k,UMAP,2,0,trustworthiness,0.857002760556,2638,15,50,5000
pbmc3k,UMAP,2,0,global_rank_corr,0.550480391565,2638,15,50,5000
pbmc3k,UMAP,2,0,label_neighbor_recall,0.921834723275,2638,15,50,5000
pbmc3k,PHATE,2,0,local_retention,0.0900429618398,2638,15,50,5000
pbmc3k,PHATE,2,0,trustworthiness,0.832479508444,2638,15,50,5000
pbmc3k,PHATE,2,0,global_rank_corr,0.565746911026,2638,15,50,5000
pbmc3k,PHATE,2,0,label_neighbor_recall,0.927470305787,2638,15,50,5000
pbmc3k,t-SNE,2,0,local_retention,0.216123325752,2638,15,50,5000
pbmc3k,t-SNE,2,0,trustworthiness,0.890491512246,2638,15,50,5000
pbmc3k,t-SNE,2,0,global_rank_corr,0.605932330626,2638,15,50,5000
pbmc3k,t-SNE,2,0,label_neighbor_recall,0.914556482183,2638,15,50,5000
pbmc3k,PaCMAP,2,0,local_retention,0.113646702047,2638,15,50,5000
pbmc3k,PaCMAP,2,0,trustworthiness,0.864439261255,2638,15,50,5000
pbmc3k,PaCMAP,2,0,global_rank_corr,0.641055138757,2638,15,50,5000
pbmc3k,PaCMAP,2,0,label_neighbor_recall,0.917083649229,2638,15,50,5000
paul15,scVI,2,0,local_retention,0.0859829059829,2730,15,50,5000
paul15,scVI,2,0,trustworthiness,0.857824624171,2730,15,50,5000
paul15,scVI,2,0,global_rank_corr,0.570085389418,2730,15,50,5000
paul15,scVI,2,0,label_neighbor_recall,0.567448107448,2730,15,50,5000
paul15,PCA,2,0,local_retention,0.084884004884,2730,15,50,5000
paul15,PCA,2,0,trustworthiness,0.851169720974,2730,15,50,5000
paul15,PCA,2,0,global_rank_corr,0.703653679478,2730,15,50,5000
paul15,PCA,2,0,label_neighbor_recall,0.345323565324,2730,15,50,5000
paul15,GLM-PCA,2,0,local_retention,0.0622954822955,2730,15,50,5000
paul15,GLM-PCA,2,0,trustworthiness,0.836342562334,2730,15,50,5000
paul15,GLM-PCA,2,0,global_rank_corr,0.649785282662,2730,15,50,5000
paul15,GLM-PCA,2,0,label_neighbor_recall,0.545665445665,2730,15,50,5000
paul15,scScope,2,0,local_retention,0.0753846153846,2730,15,50,5000
paul15,scScope,2,0,trustworthiness,0.860541931491,2730,15,50,5000
paul15,scScope,2,0,global_rank_corr,0.550903114569,2730,15,50,5000
paul15,scScope,2,0,label_neighbor_recall,0.609645909646,2730,15,50,5000
paul15,SAUCIE,2,0,local_retention,0.104395604396,2730,15,50,5000
paul15,SAUCIE,2,0,trustworthiness,0.869266537756,2730,15,50,5000
paul15,SAUCIE,2,0,global_rank_corr,0.576943023453,2730,15,50,5000
paul15,SAUCIE,2,0,label_neighbor_recall,0.504053724054,2730,15,50,5000
paul15,UMAP,2,0,local_retention,0.191501831502,2730,15,50,5000
paul15,UMAP,2,0,trustworthiness,0.910864114337,2730,15,50,5000
paul15,UMAP,2,0,global_rank_corr,0.638051615087,2730,15,50,5000
paul15,UMAP,2,0,label_neighbor_recall,0.507301587302,2730,15,50,5000
paul15,PHATE,2,0,local_retention,0.0915995115995,2730,15,50,5000
paul15,PHATE,2,0,trustworthiness,0.857853094654,2730,15,50,5000
paul15,PHATE,2,0,global_rank_corr,0.610425393308,2730,15,50,5000
paul15,PHATE,2,0,label_neighbor_recall,0.378388278388,2730,15,50,5000
paul15,t-SNE,2,0,local_retention,0.306373626374,2730,15,50,5000
paul15,t-SNE,2,0,trustworthiness,0.939520909251,2730,15,50,5000
paul15,t-SNE,2,0,global_rank_corr,0.627141618618,2730,15,50,5000
paul15,t-SNE,2,0,label_neighbor_recall,0.522832722833,2730,15,50,5000
paul15,PaCMAP,2,0,local_retention,0.178583638584,2730,15,50,5000
paul15,PaCMAP,2,0,trustworthiness,0.918101940747,2730,15,50,5000
paul15,PaCMAP,2,0,global_rank_corr,0.69188883955,2730,15,50,5000
paul15,PaCMAP,2,0,label_neighbor_recall,0.537582417582,2730,15,50,5000
heart_cell_atlas_subsampled,scVI,2,0,local_retention,0.070275,8000,15,50,5000
heart_cell_atlas_subsampled,scVI,2,0,trustworthiness,0.898109793782,8000,15,50,5000
heart_cell_atlas_subsampled,scVI,2,0,global_rank_corr,0.526427426506,8000,15,50,5000
heart_cell_atlas_subsampled,scVI,2,0,label_neighbor_recall,0.913741666667,8000,15,50,5000
heart_cell_atlas_subsampled,PCA,2,0,local_retention,0.0518666666667,8000,15,50,5000
heart_cell_atlas_subsampled,PCA,2,0,trustworthiness,0.815964896996,8000,15,50,5000
heart_cell_atlas_subsampled,PCA,2,0,global_rank_corr,0.739640852549,8000,15,50,5000
heart_cell_atlas_subsampled,PCA,2,0,label_neighbor_recall,0.706425,8000,15,50,5000
heart_cell_atlas_subsampled,GLM-PCA,2,0,local_retention,0.050775,8000,15,50,5000
heart_cell_atlas_subsampled,GLM-PCA,2,0,trustworthiness,0.836555484518,8000,15,50,5000
heart_cell_atlas_subsampled,GLM-PCA,2,0,global_rank_corr,0.502373884711,8000,15,50,5000
heart_cell_atlas_subsampled,GLM-PCA,2,0,label_neighbor_recall,0.798025,8000,15,50,5000
heart_cell_atlas_subsampled,scScope,2,0,local_retention,0.0983166666667,8000,15,50,5000
heart_cell_atlas_subsampled,scScope,2,0,trustworthiness,0.901106683799,8000,15,50,5000
heart_cell_atlas_subsampled,scScope,2,0,global_rank_corr,0.320676453722,8000,15,50,5000
heart_cell_atlas_subsampled,scScope,2,0,label_neighbor_recall,0.854283333333,8000,15,50,5000
heart_cell_atlas_subsampled,SAUCIE,2,0,local_retention,0.0657666666667,8000,15,50,5000
heart_cell_atlas_subsampled,SAUCIE,2,0,trustworthiness,0.875610346413,8000,15,50,5000
heart_cell_atlas_subsampled,SAUCIE,2,0,global_rank_corr,0.480810285511,8000,15,50,5000
heart_cell_atlas_subsampled,SAUCIE,2,0,label_neighbor_recall,0.857975,8000,15,50,5000
heart_cell_atlas_subsampled,UMAP,2,0,local_retention,0.25995,8000,15,50,5000
heart_cell_atlas_subsampled,UMAP,2,0,trustworthiness,0.966972005976,8000,15,50,5000
heart_cell_atlas_subsampled,UMAP,2,0,global_rank_corr,0.322699568267,8000,15,50,5000
heart_cell_atlas_subsampled,UMAP,2,0,label_neighbor_recall,0.950725,8000,15,50,5000
heart_cell_atlas_subsampled,PHATE,2,0,local_retention,0.203341666667,8000,15,50,5000
heart_cell_atlas_subsampled,PHATE,2,0,trustworthiness,0.944550475325,8000,15,50,5000
heart_cell_atlas_subsampled,PHATE,2,0,global_rank_corr,0.536588684385,8000,15,50,5000
heart_cell_atlas_subsampled,PHATE,2,0,label_neighbor_recall,0.938008333333,8000,15,50,5000
heart_cell_atlas_subsampled,t-SNE,2,0,local_retention,0.388116666667,8000,15,50,5000
heart_cell_atlas_subsampled,t-SNE,2,0,trustworthiness,0.98337313213,8000,15,50,5000
heart_cell_atlas_subsampled,t-SNE,2,0,global_rank_corr,0.478759542933,8000,15,50,5000
heart_cell_atlas_subsampled,t-SNE,2,0,label_neighbor_recall,0.961758333333,8000,15,50,5000
heart_cell_atlas_subsampled,PaCMAP,2,0,local_retention,0.231266666667,8000,15,50,5000
heart_cell_atlas_subsampled,PaCMAP,2,0,trustworthiness,0.966611952071,8000,15,50,5000
heart_cell_atlas_subsampled,PaCMAP,2,0,global_rank_corr,0.558152733633,8000,15,50,5000
heart_cell_atlas_subsampled,PaCMAP,2,0,label_neighbor_recall,0.949808333333,8000,15,50,5000
