omitted_method,scaling,rho,p_exact,tail_count,n_permutations,n_methods,n_dependent_pairs,null_lower_95,null_upper_95
PCA,Fixed nine-method scaling,0.100257336136761,0.652579365079365,26312,40320,8,28,-0.376751189934423,0.420029977894081
PCA,Rescaled eight-method subset,0.108041290805764,0.631349206349206,25456,40320,8,28,-0.373941182298913,0.420037761848751
GLM-PCA,Fixed nine-method scaling,0.146157701701937,0.548958333333333,22134,40320,8,28,-0.411125510192767,0.454585396442081
GLM-PCA,Rescaled eight-method subset,0.127622109594207,0.599503968253968,24172,40320,8,28,-0.405655991210158,0.446677383579725
scScope,Fixed nine-method scaling,0.437881216309062,0.0253968253968254,1024,40320,8,28,-0.328849481399742,0.436857888250524
scScope,Rescaled eight-method subset,0.501516742638345,0.00198412698412698,80,40320,8,28,-0.333673742247137,0.422763479108134
SAUCIE,Fixed nine-method scaling,0.310625456054822,0.155555555555556,6272,40320,8,28,-0.408053846216707,0.416449759720794
SAUCIE,Rescaled eight-method subset,0.28416938013833,0.197123015873016,7948,40320,8,28,-0.408676342120624,0.420495983096258
UMAP,Fixed nine-method scaling,-0.0535139461091288,0.780009920634921,31450,40320,8,28,-0.334296996681718,0.378231285771311
UMAP,Rescaled eight-method subset,-0.0545049451111497,0.776240079365079,31298,40320,8,28,-0.333636330680371,0.376257546092287
PHATE,Fixed nine-method scaling,0.128485886338298,0.535714285714286,21600,40320,8,28,-0.362445261461766,0.402397340547057
PHATE,Rescaled eight-method subset,0.128485886338298,0.540277777777778,21784,40320,8,28,-0.363420092191447,0.40143849064901
t-SNE,Fixed nine-method scaling,0.00693699301414632,0.971974206349206,39190,40320,8,28,-0.342902171349266,0.36832955407612
t-SNE,Rescaled eight-method subset,0.0257659740525435,0.892361111111111,35980,40320,8,28,-0.339251991691823,0.401354595818466
PaCMAP,Fixed nine-method scaling,-0.0535352961782444,0.795238095238095,32064,40320,8,28,-0.356241044939182,0.39060938322645
PaCMAP,Rescaled eight-method subset,-0.0535352961782444,0.794047619047619,32016,40320,8,28,-0.354952232253409,0.389287524061555
scVI,Fixed nine-method scaling,0.162870120815464,0.482688492063492,19462,40320,8,28,-0.400194068781692,0.446677383579725
scVI,Rescaled eight-method subset,0.14798087469614,0.525992063492064,21208,40320,8,28,-0.401098058724651,0.445461934916923
