method,navigation_group,software_and_version,input_to_fitted_method,evaluated_output,principal_parameters,active_objective_terms,embedding_seeds,labels_or_donor_used_in_fit,device,interpretive_caveat
PCA,factor/count,Scanpy 1.12.1,Scaled log-normalised expression over retained features,First two expression-reference principal components,"50-component reference; first 2 components retained",Linear variance and least-squares reconstruction,0-4,No,CPU,The displayed 2D result is a truncation of a higher-dimensional linear reference
GLM-PCA,factor/count,glmpca 0.1.0,Integer UMI counts over retained features,Direct two-dimensional factor scores,"Poisson family; rank 2; maximum 120 iterations; tolerance 1e-4",Poisson count likelihood,0-4,No,CPU,Results apply to the evaluated Poisson implementation and settings
scScope,deep latent,scscope 0.1.5 with TensorFlow 1.15.0,Per-cell library-size-normalised counts without log transformation,Two-dimensional t-SNE projection of a 50-dimensional recurrent latent,"latent width 50; recurrence 2; 300 epochs; batch size 64; t-SNE perplexity 30; PCA initialisation; 1000 t-SNE iterations",Reconstruction and recurrent imputation followed by a separate t-SNE projection,0-4,No,CPU,Results describe the complete recurrent-latent-plus-t-SNE workflow and PBMC3k was used in configuration audit
SAUCIE,deep latent,KrishnaswamyLab commit 5ab7976fc8d19a3823b6005f51736dc70f2017fb with TensorFlow 1.15.0,Log1p-transformed counts over retained features,Direct two-dimensional bottleneck,"hidden widths up to 512 256 and 128; latent width 2; 300 training steps; batch size 64",Reconstruction only; optional batch clustering and intracluster penalties remained zero,0-4,No,CPU,Results do not represent the full multitask SAUCIE configuration
UMAP,graph/diffusion,umap-learn 0.5.12,Expression-derived PCA50 reference,Direct two-dimensional representation,"n_neighbors 15; min_dist 0.5; Euclidean metric",Fuzzy-neighbour membership matching,0-4,No,CPU,Higher-dimensional outputs were assessed only in seed-zero sensitivity analyses
PHATE,graph/diffusion,PHATE 2.0.0,Expression-derived PCA50 reference,Direct two-dimensional representation,"n_components 2; knn 15; n_pca disabled",Diffusion-potential distance embedding,0-4,No,CPU,Higher-dimensional outputs were assessed only in seed-zero sensitivity analyses
t-SNE,relational,Scanpy 1.12.1 and scikit-learn 1.8.0,Expression-derived PCA50 reference,Direct two-dimensional representation,"perplexity 30; one CPU job; seeded initialisation and optimisation",Pair-probability divergence,0-4,No,CPU,No higher-dimensional downstream sensitivity was claimed
PaCMAP,relational,PaCMAP 0.9.1,Expression-derived PCA50 reference,Direct two-dimensional representation,"n_neighbors 15; internal PCA disabled",Staged near mid-near and far-pair constraints,0-4,No,CPU,Higher-dimensional outputs were assessed only in seed-zero sensitivity analyses
scVI,deep latent,scvi-tools 1.4.3 with torch 2.12.0+cpu,Integer UMI counts over retained features,Direct two-dimensional latent; 10-dimensional latent for sensitivity,"one hidden layer; 128 hidden units; dropout 0.1; gene dispersion; negative-binomial likelihood; normal latent; batch size 128; maximum 200 epochs; early-stopping patience 20",Negative-binomial likelihood and latent-prior regularisation,0-4,No,CPU,No batch covariate was supplied; results describe unsupervised count modelling rather than batch correction
